-- =================================================================
-- VIP Club — Queen West Barber Co. ONE-FILE SETUP (Toronto sample)
-- Run this ENTIRE file once in the Neon SQL editor. Self-contained:
-- creates tables if missing, ADDS any columns an older schema lacked,
-- then loads the full dataset. Safe to re-run.
-- Sign in after:  owner@queenwest.test / vip12345
-- =================================================================

-- ---- 1) Schema (creates the 9 tables if they don't exist) ----
-- ──────────────────────────────────────────────────────────────
-- VIP Club — Neon (Postgres) schema
-- Paste this whole file into the Neon SQL Editor (Project → SQL Editor)
-- and run it once. Safe to re-run: every statement is idempotent.
-- ──────────────────────────────────────────────────────────────

create table if not exists businesses (
  id text primary key,
  business_name text not null,
  business_type text not null default 'Salon',
  booking_url text default '',
  reward_threshold int not null default 5,
  default_reminder_days int not null default 35,
  twilio_number text,
  created_at timestamptz not null default now()
);

create table if not exists services (
  id text primary key,
  business_id text not null references businesses(id) on delete cascade,
  category text not null default 'Other',
  name text not null,
  price numeric not null default 0,
  duration_min int not null default 45
);
create index if not exists services_business on services(business_id);

create table if not exists customers (
  id text primary key,
  business_id text not null references businesses(id) on delete cascade,
  full_name text not null,
  phone text not null,
  email text,
  birthday text,
  consent_sms boolean not null default true,
  status text not null default 'active',           -- active | inactive | unsubscribed
  customer_code text not null,
  visit_count int not null default 0,
  points_balance int not null default 0,
  last_visit_date timestamptz,
  reward_status text not null default 'earning',    -- earning | ready | redeemed
  next_reminder_date timestamptz,
  notes text,
  referred_by text,
  created_at timestamptz not null default now()
);
create index if not exists customers_business on customers(business_id);
create index if not exists customers_phone on customers(business_id, phone);

create table if not exists visits (
  id text primary key,
  business_id text not null references businesses(id) on delete cascade,
  customer_id text not null references customers(id) on delete cascade,
  service_id text,
  service_name text not null default 'Service',
  amount_spent numeric not null default 0,
  points_added int not null default 1,
  source text not null default 'booking',           -- qr | manual | booking
  visit_date timestamptz not null default now(),
  created_at timestamptz not null default now()
);
create index if not exists visits_customer on visits(customer_id);

create table if not exists bookings (
  id text primary key,
  business_id text not null references businesses(id) on delete cascade,
  customer_id text not null references customers(id) on delete cascade,
  customer_name text not null,
  service_id text not null,                          -- comma-joined ids when multiple
  time_label text not null,
  status text not null default 'scheduled',          -- scheduled | done | cancelled
  starts_at timestamptz,
  duration_min int default 45,
  notes text,
  customer_email text,
  seq int default 0,
  cancel_reason text,
  created_at timestamptz not null default now()
);
create index if not exists bookings_business on bookings(business_id);

create table if not exists messages (
  id text primary key,
  business_id text not null references businesses(id) on delete cascade,
  customer_id text,
  message_type text not null,                        -- welcome | reminder | reward_ready | campaign
  body text not null,
  status text not null default 'sent',               -- sent | failed | mock
  provider_sid text,
  sent_at timestamptz not null default now()
);
create index if not exists messages_business on messages(business_id);

create table if not exists campaigns (
  id text primary key,
  business_id text not null references businesses(id) on delete cascade,
  campaign_name text not null,
  audience_type text not null,
  message_body text not null,
  sent_count int not null default 0,
  created_at timestamptz not null default now()
);

create table if not exists users (
  id text primary key,
  business_id text references businesses(id) on delete cascade,
  name text not null,
  email text not null unique,
  role text not null default 'staff',                -- owner | staff | admin
  password_hash text,
  created_at timestamptz not null default now()
);
create index if not exists users_email on users(email);

create table if not exists referrals (
  id text primary key,
  business_id text not null references businesses(id) on delete cascade,
  referrer_customer_id text not null references customers(id) on delete cascade,
  referred_customer_id text not null references customers(id) on delete cascade,
  referral_code text not null,
  status text not null default 'completed',          -- pending | completed | rewarded
  created_at timestamptz not null default now()
);


-- ---- 1b) Patch tables created by the OLD schema (add any missing columns) ----
alter table services  add column if not exists category text not null default 'Other';
alter table services  add column if not exists duration_min int not null default 45;
alter table customers add column if not exists next_reminder_date timestamptz;
alter table customers add column if not exists notes text;
alter table customers add column if not exists referred_by text;
alter table bookings  add column if not exists starts_at timestamptz;
alter table bookings  add column if not exists duration_min int default 45;
alter table bookings  add column if not exists notes text;
alter table bookings  add column if not exists customer_email text;
alter table bookings  add column if not exists seq int default 0;
alter table bookings  add column if not exists cancel_reason text;

-- ---- 2) Queen West data (122 clients, 354 visits, 34 bookings, etc.) ----
-- ──────────────────────────────────────────────────────────────
-- VIP Club — sample Toronto business with realistic growth
-- Queen West Barber Co. (Toronto). Slow April 2026 -> strong June 2026.
-- Run AFTER db/schema.sql. Safe to re-run (on conflict do nothing).
-- Sign in to view it:  owner@queenwest.test  /  vip12345
-- ──────────────────────────────────────────────────────────────

insert into businesses (id, business_name, business_type, booking_url, reward_threshold, default_reminder_days, twilio_number) values
  ('biz_queenwest', 'Queen West Barber Co.', 'Barbershop', 'https://book.queenwestbarber.co', 6, 35, '+14165550100')
on conflict (id) do nothing;

insert into users (id, business_id, name, email, role, password_hash) values
  ('usr_qw_owner','biz_queenwest','Marco Bianchi','owner@queenwest.test','owner', null),
  ('usr_qw_staff','biz_queenwest','Devon Reid','staff@queenwest.test','staff', null)
on conflict (id) do nothing;

insert into services (id, business_id, category, name, price, duration_min) values
  ('svc_qw_fade','biz_queenwest','Hair','Skin Fade',40,45),
  ('svc_qw_classic','biz_queenwest','Hair','Classic Cut',35,30),
  ('svc_qw_cutbeard','biz_queenwest','Hair','Cut & Beard',50,45),
  ('svc_qw_beard','biz_queenwest','Barber','Beard Trim',20,20),
  ('svc_qw_shave','biz_queenwest','Barber','Hot Towel Shave',35,30),
  ('svc_qw_kids','biz_queenwest','Hair','Kids Cut',25,30),
  ('svc_qw_buzz','biz_queenwest','Hair','Buzz Cut',25,20),
  ('svc_qw_wash','biz_queenwest','Hair','Cut & Wash',40,40),
  ('svc_qw_grey','biz_queenwest','Hair','Grey Blending',45,45),
  ('svc_qw_lineup','biz_queenwest','Barber','Line-up',15,15)
on conflict (id) do nothing;

insert into customers (id, business_id, full_name, phone, email, consent_sms, status, customer_code, visit_count, points_balance, last_visit_date, reward_status, referred_by, created_at) values
  ('cus_qw_0001','biz_queenwest','Priya Tremblay','+16475551001',null,true,'active','PRIYA',2,2,'2026-06-21 12:00:00+00','earning',null,'2026-04-17 11:00:00+00'),
  ('cus_qw_0002','biz_queenwest','Devon Walsh','+14165551002',null,true,'active','DEVON',4,4,'2026-06-17 12:00:00+00','earning',null,'2026-04-20 11:00:00+00'),
  ('cus_qw_0003','biz_queenwest','Daniel Kaur','+14165551003',null,false,'active','DANIE',8,2,'2026-06-21 12:00:00+00','earning',null,'2026-04-28 11:00:00+00'),
  ('cus_qw_0004','biz_queenwest','Mateo Kim','+14375551004',null,true,'active','MATEO',2,2,'2026-06-18 12:00:00+00','earning',null,'2026-04-16 11:00:00+00'),
  ('cus_qw_0005','biz_queenwest','Liam Rossi','+16475551005','liam.rossi@example.com',true,'active','LIAM',10,4,'2026-06-18 12:00:00+00','earning',null,'2026-04-07 11:00:00+00'),
  ('cus_qw_0006','biz_queenwest','Logan Tran','+14375551006','logan.tran@example.com',true,'active','LOGAN',6,0,'2026-06-17 12:00:00+00','redeemed',null,'2026-04-12 11:00:00+00'),
  ('cus_qw_0007','biz_queenwest','Tyler Rossi','+16475551007','tyler.rossi@example.com',true,'active','TYLER',8,2,'2026-06-18 12:00:00+00','earning',null,'2026-04-26 11:00:00+00'),
  ('cus_qw_0008','biz_queenwest','Maya Murphy','+16475551008','maya.murphy@example.com',true,'active','MAYA',8,2,'2026-06-18 12:00:00+00','earning',null,'2026-04-19 11:00:00+00'),
  ('cus_qw_0009','biz_queenwest','Aisha Singh','+16475551009','aisha.singh@example.com',true,'active','AISHA',7,1,'2026-06-18 12:00:00+00','earning',null,'2026-04-05 11:00:00+00'),
  ('cus_qw_0010','biz_queenwest','Caleb Bouchard','+14375551010',null,true,'active','CALEB',8,2,'2026-06-10 12:00:00+00','earning',null,'2026-04-09 11:00:00+00'),
  ('cus_qw_0011','biz_queenwest','Hassan Brown','+16475551011',null,true,'active','HASSA',7,1,'2026-06-20 12:00:00+00','earning',null,'2026-04-12 11:00:00+00'),
  ('cus_qw_0012','biz_queenwest','Omar Ferrari','+16475551012','omar.ferrari@example.com',true,'active','OMAR',12,0,'2026-06-19 12:00:00+00','redeemed',null,'2026-04-24 11:00:00+00'),
  ('cus_qw_0013','biz_queenwest','Mason Walsh','+14165551013','mason.walsh@example.com',true,'active','MASON',7,1,'2026-06-06 12:00:00+00','earning',null,'2026-04-03 11:00:00+00'),
  ('cus_qw_0014','biz_queenwest','Hassan Rossi','+14375551014','hassan.rossi@example.com',true,'active','HASSA1',10,4,'2026-06-12 12:00:00+00','earning',null,'2026-04-08 11:00:00+00'),
  ('cus_qw_0015','biz_queenwest','Aisha Romano','+14375551015','aisha.romano@example.com',true,'active','AISHA1',6,0,'2026-06-10 12:00:00+00','redeemed',null,'2026-04-16 11:00:00+00'),
  ('cus_qw_0016','biz_queenwest','Pavel Kim','+14375551016',null,true,'active','PAVEL',5,5,'2026-05-31 12:00:00+00','earning',null,'2026-04-14 11:00:00+00'),
  ('cus_qw_0017','biz_queenwest','Dmitri Okafor','+14165551017',null,true,'active','DMITR',8,2,'2026-06-04 12:00:00+00','earning',null,'2026-05-08 11:00:00+00'),
  ('cus_qw_0018','biz_queenwest','Logan Mensah','+14375551018',null,true,'active','LOGAN1',3,3,'2026-06-10 12:00:00+00','earning',null,'2026-05-05 11:00:00+00'),
  ('cus_qw_0019','biz_queenwest','Aiden Murphy','+14375551019','aiden.murphy@example.com',true,'active','AIDEN',6,0,'2026-06-09 12:00:00+00','ready',null,'2026-05-17 11:00:00+00'),
  ('cus_qw_0020','biz_queenwest','Maya Kaur','+14375551020',null,true,'active','MAYA1',2,2,'2026-06-20 12:00:00+00','earning',null,'2026-05-19 11:00:00+00'),
  ('cus_qw_0021','biz_queenwest','Anton Gagnon','+16475551021','anton.gagnon@example.com',true,'active','ANTON',4,4,'2026-06-20 12:00:00+00','earning',null,'2026-05-06 11:00:00+00'),
  ('cus_qw_0022','biz_queenwest','Maya Patel','+14165551022','maya.patel@example.com',true,'active','MAYA2',7,1,'2026-06-01 12:00:00+00','earning',null,'2026-05-04 11:00:00+00'),
  ('cus_qw_0023','biz_queenwest','Logan Okafor','+14165551023',null,true,'active','LOGAN2',2,2,'2026-06-17 12:00:00+00','earning',null,'2026-05-05 11:00:00+00'),
  ('cus_qw_0024','biz_queenwest','Jada Romano','+16475551024','jada.romano@example.com',true,'active','JADA',5,5,'2026-06-17 12:00:00+00','earning',null,'2026-05-28 11:00:00+00'),
  ('cus_qw_0025','biz_queenwest','Sara Bouchard','+14375551025','sara.bouchard@example.com',true,'active','SARA',8,2,'2026-06-21 12:00:00+00','earning',null,'2026-05-20 11:00:00+00'),
  ('cus_qw_0026','biz_queenwest','Aisha Park','+14375551026',null,true,'active','AISHA2',3,3,'2026-06-21 12:00:00+00','earning',null,'2026-05-31 11:00:00+00'),
  ('cus_qw_0027','biz_queenwest','Liam Brown','+14165551027',null,true,'active','LIAM1',9,3,'2026-06-21 12:00:00+00','earning',null,'2026-05-30 11:00:00+00'),
  ('cus_qw_0028','biz_queenwest','Elias Tremblay','+16475551028',null,true,'active','ELIAS',7,1,'2026-06-21 12:00:00+00','earning',null,'2026-05-02 11:00:00+00'),
  ('cus_qw_0029','biz_queenwest','Mason Murphy','+14375551029',null,true,'active','MASON1',3,3,'2026-06-01 12:00:00+00','earning',null,'2026-05-12 11:00:00+00'),
  ('cus_qw_0030','biz_queenwest','Aiden Patel','+14375551030',null,true,'active','AIDEN1',2,2,'2026-06-21 12:00:00+00','earning',null,'2026-05-29 11:00:00+00'),
  ('cus_qw_0031','biz_queenwest','Zoe Okafor','+14375551031',null,true,'active','ZOE',5,5,'2026-06-08 12:00:00+00','earning',null,'2026-05-27 11:00:00+00'),
  ('cus_qw_0032','biz_queenwest','Wei Roy','+16475551032','wei.roy@example.com',true,'active','WEI',7,1,'2026-06-18 12:00:00+00','earning',null,'2026-05-19 11:00:00+00'),
  ('cus_qw_0033','biz_queenwest','Maya Mensah','+16475551033','maya.mensah@example.com',true,'active','MAYA3',4,4,'2026-06-20 12:00:00+00','earning',null,'2026-05-31 11:00:00+00'),
  ('cus_qw_0034','biz_queenwest','Aisha Murphy','+14165551034','aisha.murphy@example.com',true,'active','AISHA3',3,3,'2026-06-15 12:00:00+00','earning',null,'2026-05-27 11:00:00+00'),
  ('cus_qw_0035','biz_queenwest','Elias Lavigne','+16475551035',null,false,'active','ELIAS1',2,2,'2026-06-08 12:00:00+00','earning',null,'2026-05-19 11:00:00+00'),
  ('cus_qw_0036','biz_queenwest','Zoe Romano','+14375551036',null,true,'active','ZOE1',3,3,'2026-06-14 12:00:00+00','earning',null,'2026-05-10 11:00:00+00'),
  ('cus_qw_0037','biz_queenwest','Malik Kelly','+14375551037','malik.kelly@example.com',true,'active','MALIK',3,3,'2026-06-01 12:00:00+00','earning',null,'2026-05-03 11:00:00+00'),
  ('cus_qw_0038','biz_queenwest','Kwame Tran','+16475551038','kwame.tran@example.com',true,'active','KWAME',5,5,'2026-06-21 12:00:00+00','earning',null,'2026-05-11 11:00:00+00'),
  ('cus_qw_0039','biz_queenwest','Zoe Tremblay','+14165551039',null,false,'active','ZOE2',0,0,null,'earning',null,'2026-05-29 11:00:00+00'),
  ('cus_qw_0040','biz_queenwest','Devon Okafor','+16475551040','devon.okafor@example.com',true,'active','DEVON1',1,1,'2026-06-17 12:00:00+00','earning',null,'2026-05-20 11:00:00+00'),
  ('cus_qw_0041','biz_queenwest','Jada Ferrari','+14375551041',null,true,'active','JADA1',3,3,'2026-06-15 12:00:00+00','earning',null,'2026-05-09 11:00:00+00'),
  ('cus_qw_0042','biz_queenwest','Noah Kaur','+14165551042',null,true,'active','NOAH',5,5,'2026-06-20 12:00:00+00','earning',null,'2026-05-16 11:00:00+00'),
  ('cus_qw_0043','biz_queenwest','Logan Kaur','+14375551043','logan.kaur@example.com',false,'active','LOGAN3',5,5,'2026-06-12 12:00:00+00','earning',null,'2026-05-03 11:00:00+00'),
  ('cus_qw_0044','biz_queenwest','Felix Pelletier','+14165551044','felix.pelletier@example.com',false,'active','FELIX',4,4,'2026-06-17 12:00:00+00','earning',null,'2026-05-06 11:00:00+00'),
  ('cus_qw_0045','biz_queenwest','Felix Clark','+14375551045','felix.clark@example.com',true,'active','FELIX1',6,0,'2026-06-16 12:00:00+00','redeemed',null,'2026-05-01 11:00:00+00'),
  ('cus_qw_0046','biz_queenwest','Owen Wang','+16475551046','owen.wang@example.com',true,'active','OWEN',1,1,'2026-05-31 12:00:00+00','earning',null,'2026-05-30 11:00:00+00'),
  ('cus_qw_0047','biz_queenwest','Nathan Rossi','+14375551047','nathan.rossi@example.com',true,'active','NATHA',3,3,'2026-06-10 12:00:00+00','earning',null,'2026-05-01 11:00:00+00'),
  ('cus_qw_0048','biz_queenwest','Sara Kim','+16475551048','sara.kim@example.com',true,'active','SARA1',6,0,'2026-06-21 12:00:00+00','ready',null,'2026-05-09 11:00:00+00'),
  ('cus_qw_0049','biz_queenwest','Nina Roy','+16475551049',null,true,'active','NINA',7,1,'2026-06-21 12:00:00+00','earning',null,'2026-05-22 11:00:00+00'),
  ('cus_qw_0050','biz_queenwest','Leah Tran','+14165551050',null,true,'active','LEAH',2,2,'2026-06-05 12:00:00+00','earning',null,'2026-05-12 11:00:00+00'),
  ('cus_qw_0051','biz_queenwest','Anton Rossi','+16475551051','anton.rossi@example.com',true,'active','ANTON1',2,2,'2026-06-13 12:00:00+00','earning',null,'2026-06-05 11:00:00+00'),
  ('cus_qw_0052','biz_queenwest','Wei Roy','+14375551052',null,true,'active','WEI1',1,1,'2026-06-13 12:00:00+00','earning',null,'2026-06-07 11:00:00+00'),
  ('cus_qw_0053','biz_queenwest','Caleb Romano','+14375551053','caleb.romano@example.com',true,'active','CALEB1',2,2,'2026-06-19 12:00:00+00','earning',null,'2026-06-12 11:00:00+00'),
  ('cus_qw_0054','biz_queenwest','Olivia Walsh','+16475551054','olivia.walsh@example.com',true,'active','OLIVI',2,2,'2026-06-16 12:00:00+00','earning','cus_qw_0022','2026-06-09 11:00:00+00'),
  ('cus_qw_0055','biz_queenwest','Dmitri Wilson','+14375551055',null,true,'active','DMITR1',1,1,'2026-06-19 12:00:00+00','earning',null,'2026-06-14 11:00:00+00'),
  ('cus_qw_0056','biz_queenwest','Liam Pelletier','+16475551056','liam.pelletier@example.com',true,'active','LIAM2',2,2,'2026-06-14 12:00:00+00','earning',null,'2026-06-13 11:00:00+00'),
  ('cus_qw_0057','biz_queenwest','Lucas Kaur','+14375551057','lucas.kaur@example.com',true,'active','LUCAS',3,3,'2026-06-21 12:00:00+00','earning',null,'2026-06-04 11:00:00+00'),
  ('cus_qw_0058','biz_queenwest','Owen Walsh','+14375551058','owen.walsh@example.com',true,'active','OWEN1',1,1,'2026-06-21 12:00:00+00','earning','cus_qw_0040','2026-06-21 11:00:00+00'),
  ('cus_qw_0059','biz_queenwest','Leah Wang','+14165551059',null,false,'active','LEAH1',1,1,'2026-06-17 12:00:00+00','earning',null,'2026-06-15 11:00:00+00'),
  ('cus_qw_0060','biz_queenwest','Raj Adams','+14165551060','raj.adams@example.com',false,'active','RAJ',0,0,null,'earning',null,'2026-06-18 11:00:00+00'),
  ('cus_qw_0061','biz_queenwest','Aisha Park','+14165551061','aisha.park@example.com',true,'active','AISHA4',2,2,'2026-06-21 12:00:00+00','earning',null,'2026-06-19 11:00:00+00'),
  ('cus_qw_0062','biz_queenwest','Logan Li','+16475551062','logan.li@example.com',true,'active','LOGAN4',2,2,'2026-06-21 12:00:00+00','earning',null,'2026-06-12 11:00:00+00'),
  ('cus_qw_0063','biz_queenwest','Chen Cote','+14375551063',null,false,'active','CHEN',0,0,null,'earning',null,'2026-06-04 11:00:00+00'),
  ('cus_qw_0064','biz_queenwest','Jamal Clark','+14375551064','jamal.clark@example.com',true,'active','JAMAL',3,3,'2026-06-12 12:00:00+00','earning',null,'2026-06-03 11:00:00+00'),
  ('cus_qw_0065','biz_queenwest','Chen Reid','+14165551065','chen.reid@example.com',true,'active','CHEN1',1,1,'2026-06-07 12:00:00+00','earning',null,'2026-06-01 11:00:00+00'),
  ('cus_qw_0066','biz_queenwest','Theo Chen','+14375551066','theo.chen@example.com',true,'active','THEO',1,1,'2026-06-21 12:00:00+00','earning',null,'2026-06-19 11:00:00+00'),
  ('cus_qw_0067','biz_queenwest','Elias Tremblay','+16475551067','elias.tremblay@example.com',false,'active','ELIAS2',0,0,null,'earning','cus_qw_0040','2026-06-01 11:00:00+00'),
  ('cus_qw_0068','biz_queenwest','Raj Singh','+16475551068',null,true,'active','RAJ1',2,2,'2026-06-17 12:00:00+00','earning','cus_qw_0001','2026-06-05 11:00:00+00'),
  ('cus_qw_0069','biz_queenwest','Hassan Brown','+16475551069',null,true,'active','HASSA2',1,1,'2026-06-21 12:00:00+00','earning',null,'2026-06-20 11:00:00+00'),
  ('cus_qw_0070','biz_queenwest','Maya Roy','+14375551070',null,true,'active','MAYA4',0,0,null,'earning','cus_qw_0013','2026-06-06 11:00:00+00'),
  ('cus_qw_0071','biz_queenwest','Malik Pelletier','+14375551071','malik.pelletier@example.com',false,'active','MALIK1',2,2,'2026-06-18 12:00:00+00','earning',null,'2026-06-14 11:00:00+00'),
  ('cus_qw_0072','biz_queenwest','Hassan Singh','+14375551072','hassan.singh@example.com',true,'active','HASSA3',2,2,'2026-06-21 12:00:00+00','earning',null,'2026-06-12 11:00:00+00'),
  ('cus_qw_0073','biz_queenwest','Raj Morin','+16475551073','raj.morin@example.com',false,'active','RAJ2',2,2,'2026-06-17 12:00:00+00','earning','cus_qw_0034','2026-06-03 11:00:00+00'),
  ('cus_qw_0074','biz_queenwest','Mason Romano','+14165551074','mason.romano@example.com',true,'active','MASON2',1,1,'2026-06-14 12:00:00+00','earning',null,'2026-06-03 11:00:00+00'),
  ('cus_qw_0075','biz_queenwest','Kofi Lavigne','+16475551075','kofi.lavigne@example.com',true,'active','KOFI',2,2,'2026-06-12 12:00:00+00','earning',null,'2026-06-03 11:00:00+00'),
  ('cus_qw_0076','biz_queenwest','Olivia Clark','+14375551076','olivia.clark@example.com',true,'active','OLIVI1',1,1,'2026-06-12 12:00:00+00','earning',null,'2026-06-06 11:00:00+00'),
  ('cus_qw_0077','biz_queenwest','Mateo Li','+14165551077','mateo.li@example.com',true,'active','MATEO1',2,2,'2026-06-21 12:00:00+00','earning',null,'2026-06-17 11:00:00+00'),
  ('cus_qw_0078','biz_queenwest','Daniel Kelly','+14375551078',null,false,'active','DANIE1',2,2,'2026-06-18 12:00:00+00','earning','cus_qw_0040','2026-06-13 11:00:00+00'),
  ('cus_qw_0079','biz_queenwest','Priya Scott','+14165551079','priya.scott@example.com',true,'active','PRIYA1',1,1,'2026-06-10 12:00:00+00','earning',null,'2026-06-05 11:00:00+00'),
  ('cus_qw_0080','biz_queenwest','Chen Kim','+16475551080',null,true,'active','CHEN2',1,1,'2026-06-13 12:00:00+00','earning',null,'2026-06-09 11:00:00+00'),
  ('cus_qw_0081','biz_queenwest','Anton Wang','+14375551081','anton.wang@example.com',true,'active','ANTON2',3,3,'2026-06-21 12:00:00+00','earning',null,'2026-06-18 11:00:00+00'),
  ('cus_qw_0082','biz_queenwest','Priya Kim','+14375551082','priya.kim@example.com',true,'active','PRIYA2',2,2,'2026-06-21 12:00:00+00','earning',null,'2026-06-12 11:00:00+00'),
  ('cus_qw_0083','biz_queenwest','Theo Pham','+16475551083',null,true,'active','THEO1',2,2,'2026-06-20 12:00:00+00','earning',null,'2026-06-01 11:00:00+00'),
  ('cus_qw_0084','biz_queenwest','Elias Tremblay','+14165551084','elias.tremblay@example.com',false,'active','ELIAS3',1,1,'2026-06-16 12:00:00+00','earning',null,'2026-06-08 11:00:00+00'),
  ('cus_qw_0085','biz_queenwest','Dmitri Kelly','+16475551085',null,true,'active','DMITR2',1,1,'2026-06-20 12:00:00+00','earning',null,'2026-06-19 11:00:00+00'),
  ('cus_qw_0086','biz_queenwest','Olivia Reid','+14165551086',null,true,'active','OLIVI2',0,0,null,'earning',null,'2026-06-16 11:00:00+00'),
  ('cus_qw_0087','biz_queenwest','Devon Tremblay','+16475551087',null,true,'active','DEVON2',0,0,null,'earning',null,'2026-06-18 11:00:00+00'),
  ('cus_qw_0088','biz_queenwest','Sophia Brown','+14375551088',null,true,'active','SOPHI',1,1,'2026-06-17 12:00:00+00','earning',null,'2026-06-05 11:00:00+00'),
  ('cus_qw_0089','biz_queenwest','Priya Sharma','+14165551089',null,true,'active','PRIYA3',1,1,'2026-06-21 12:00:00+00','earning',null,'2026-06-10 11:00:00+00'),
  ('cus_qw_0090','biz_queenwest','Logan Osei','+14375551090','logan.osei@example.com',true,'active','LOGAN5',0,0,null,'earning',null,'2026-06-04 11:00:00+00'),
  ('cus_qw_0091','biz_queenwest','Raj Pham','+16475551091','raj.pham@example.com',true,'active','RAJ3',0,0,null,'earning',null,'2026-06-09 11:00:00+00'),
  ('cus_qw_0092','biz_queenwest','Lucas Osei','+14165551092','lucas.osei@example.com',true,'active','LUCAS1',1,1,'2026-06-20 12:00:00+00','earning',null,'2026-06-18 11:00:00+00'),
  ('cus_qw_0093','biz_queenwest','Hannah Pham','+14165551093',null,true,'active','HANNA',2,2,'2026-06-13 12:00:00+00','earning',null,'2026-06-09 11:00:00+00'),
  ('cus_qw_0094','biz_queenwest','Pavel Scott','+14165551094','pavel.scott@example.com',true,'active','PAVEL1',1,1,'2026-06-21 12:00:00+00','earning',null,'2026-06-20 11:00:00+00'),
  ('cus_qw_0095','biz_queenwest','Ethan Adams','+14375551095','ethan.adams@example.com',true,'active','ETHAN',1,1,'2026-06-20 12:00:00+00','earning',null,'2026-06-17 11:00:00+00'),
  ('cus_qw_0096','biz_queenwest','Marcus Nguyen','+14375551096',null,true,'active','MARCU',2,2,'2026-06-21 12:00:00+00','earning',null,'2026-06-12 11:00:00+00'),
  ('cus_qw_0097','biz_queenwest','Mason Morin','+16475551097','mason.morin@example.com',true,'active','MASON3',1,1,'2026-06-13 12:00:00+00','earning',null,'2026-06-01 11:00:00+00'),
  ('cus_qw_0098','biz_queenwest','Oscar Park','+16475551098','oscar.park@example.com',true,'active','OSCAR',2,2,'2026-06-21 12:00:00+00','earning',null,'2026-06-19 11:00:00+00'),
  ('cus_qw_0099','biz_queenwest','Anton Mensah','+16475551099','anton.mensah@example.com',false,'active','ANTON3',1,1,'2026-06-21 12:00:00+00','earning',null,'2026-06-16 11:00:00+00'),
  ('cus_qw_0100','biz_queenwest','Sophia Wilson','+14165551100','sophia.wilson@example.com',true,'active','SOPHI1',3,3,'2026-06-21 12:00:00+00','earning','cus_qw_0030','2026-06-17 11:00:00+00'),
  ('cus_qw_0101','biz_queenwest','Liam Cote','+14165551101','liam.cote@example.com',true,'active','LIAM3',2,2,'2026-06-18 12:00:00+00','earning',null,'2026-06-17 11:00:00+00'),
  ('cus_qw_0102','biz_queenwest','Owen Adams','+16475551102',null,true,'active','OWEN2',2,2,'2026-06-20 12:00:00+00','earning',null,'2026-06-07 11:00:00+00'),
  ('cus_qw_0103','biz_queenwest','Diego Pelletier','+16475551103',null,true,'active','DIEGO',1,1,'2026-06-05 12:00:00+00','earning',null,'2026-06-03 11:00:00+00'),
  ('cus_qw_0104','biz_queenwest','Hassan Lavigne','+16475551104',null,true,'active','HASSA4',2,2,'2026-06-09 12:00:00+00','earning','cus_qw_0026','2026-06-05 11:00:00+00'),
  ('cus_qw_0105','biz_queenwest','Emma Scott','+16475551105','emma.scott@example.com',true,'active','EMMA',1,1,'2026-06-10 12:00:00+00','earning',null,'2026-06-09 11:00:00+00'),
  ('cus_qw_0106','biz_queenwest','Daniel Walsh','+14165551106','daniel.walsh@example.com',true,'active','DANIE2',1,1,'2026-06-15 12:00:00+00','earning',null,'2026-06-09 11:00:00+00'),
  ('cus_qw_0107','biz_queenwest','Leah Li','+14165551107','leah.li@example.com',true,'active','LEAH2',1,1,'2026-06-17 12:00:00+00','earning',null,'2026-06-17 11:00:00+00'),
  ('cus_qw_0108','biz_queenwest','Theo Patel','+14165551108','theo.patel@example.com',true,'active','THEO2',0,0,null,'earning',null,'2026-06-05 11:00:00+00'),
  ('cus_qw_0109','biz_queenwest','Leah Li','+14165551109','leah.li@example.com',true,'active','LEAH3',0,0,null,'earning','cus_qw_0050','2026-06-21 11:00:00+00'),
  ('cus_qw_0110','biz_queenwest','Noah Haddad','+16475551110','noah.haddad@example.com',true,'active','NOAH1',2,2,'2026-06-18 12:00:00+00','earning','cus_qw_0008','2026-06-06 11:00:00+00'),
  ('cus_qw_0111','biz_queenwest','Elias Reid','+16475551111',null,true,'active','ELIAS4',2,2,'2026-06-04 12:00:00+00','earning',null,'2026-06-02 11:00:00+00'),
  ('cus_qw_0112','biz_queenwest','Mason Scott','+14165551112',null,true,'active','MASON4',2,2,'2026-06-11 12:00:00+00','earning',null,'2026-06-08 11:00:00+00'),
  ('cus_qw_0113','biz_queenwest','Mason Morin','+14165551113','mason.morin@example.com',true,'active','MASON5',2,2,'2026-06-21 12:00:00+00','earning',null,'2026-06-18 11:00:00+00'),
  ('cus_qw_0114','biz_queenwest','Maya Kim','+14165551114','maya.kim@example.com',true,'active','MAYA5',3,3,'2026-06-17 12:00:00+00','earning',null,'2026-06-10 11:00:00+00'),
  ('cus_qw_0115','biz_queenwest','Jada Okafor','+14165551115','jada.okafor@example.com',true,'active','JADA2',1,1,'2026-06-09 12:00:00+00','earning',null,'2026-06-07 11:00:00+00'),
  ('cus_qw_0116','biz_queenwest','Mason Tran','+16475551116',null,true,'active','MASON6',3,3,'2026-06-21 12:00:00+00','earning',null,'2026-06-18 11:00:00+00'),
  ('cus_qw_0117','biz_queenwest','Pavel Mensah','+14375551117',null,true,'active','PAVEL2',2,2,'2026-06-20 12:00:00+00','earning','cus_qw_0047','2026-06-01 11:00:00+00'),
  ('cus_qw_0118','biz_queenwest','Anton Kaur','+16475551118','anton.kaur@example.com',true,'active','ANTON4',2,2,'2026-06-20 12:00:00+00','earning','cus_qw_0046','2026-06-16 11:00:00+00'),
  ('cus_qw_0119','biz_queenwest','Nina Scott','+16475551119',null,true,'active','NINA1',0,0,null,'earning',null,'2026-06-12 11:00:00+00'),
  ('cus_qw_0120','biz_queenwest','Mason Khoury','+14165551120','mason.khoury@example.com',true,'active','MASON7',2,2,'2026-06-12 12:00:00+00','earning','cus_qw_0032','2026-06-03 11:00:00+00'),
  ('cus_qw_0121','biz_queenwest','Andre Gagnon','+14375551121',null,true,'active','ANDRE',0,0,null,'earning',null,'2026-06-02 11:00:00+00'),
  ('cus_qw_0122','biz_queenwest','Kwame Tran','+14165551122','kwame.tran@example.com',true,'active','KWAME1',1,1,'2026-06-13 12:00:00+00','earning',null,'2026-06-07 11:00:00+00')
on conflict (id) do nothing;

insert into visits (id, business_id, customer_id, service_id, service_name, amount_spent, points_added, source, visit_date, created_at) values
  ('vis_qw_0001','biz_queenwest','cus_qw_0001','svc_qw_kids','Kids Cut',25,1,'booking','2026-05-24 16:00:00+00','2026-05-24 16:00:00+00'),
  ('vis_qw_0002','biz_queenwest','cus_qw_0001','svc_qw_grey','Grey Blending',45,1,'booking','2026-06-21 14:00:00+00','2026-06-21 14:00:00+00'),
  ('vis_qw_0003','biz_queenwest','cus_qw_0002','svc_qw_shave','Hot Towel Shave',35,1,'booking','2026-04-20 16:00:00+00','2026-04-20 16:00:00+00'),
  ('vis_qw_0004','biz_queenwest','cus_qw_0002','svc_qw_lineup','Line-up',15,1,'booking','2026-06-10 11:30:00+00','2026-06-10 11:30:00+00'),
  ('vis_qw_0005','biz_queenwest','cus_qw_0002','svc_qw_lineup','Line-up',15,1,'booking','2026-06-11 09:30:00+00','2026-06-11 09:30:00+00'),
  ('vis_qw_0006','biz_queenwest','cus_qw_0002','svc_qw_wash','Cut & Wash',40,1,'booking','2026-06-17 11:45:00+00','2026-06-17 11:45:00+00'),
  ('vis_qw_0007','biz_queenwest','cus_qw_0003','svc_qw_lineup','Line-up',15,1,'booking','2026-05-01 10:00:00+00','2026-05-01 10:00:00+00'),
  ('vis_qw_0008','biz_queenwest','cus_qw_0003','svc_qw_kids','Kids Cut',25,1,'booking','2026-05-09 09:00:00+00','2026-05-09 09:00:00+00'),
  ('vis_qw_0009','biz_queenwest','cus_qw_0003','svc_qw_fade','Skin Fade',40,1,'booking','2026-05-10 15:30:00+00','2026-05-10 15:30:00+00'),
  ('vis_qw_0010','biz_queenwest','cus_qw_0003','svc_qw_wash','Cut & Wash',40,1,'booking','2026-06-06 15:30:00+00','2026-06-06 15:30:00+00'),
  ('vis_qw_0011','biz_queenwest','cus_qw_0003','svc_qw_cutbeard','Cut & Beard',50,1,'booking','2026-06-08 14:45:00+00','2026-06-08 14:45:00+00'),
  ('vis_qw_0012','biz_queenwest','cus_qw_0003','svc_qw_buzz','Buzz Cut',25,1,'booking','2026-06-08 18:15:00+00','2026-06-08 18:15:00+00'),
  ('vis_qw_0013','biz_queenwest','cus_qw_0003','svc_qw_grey','Grey Blending',45,1,'booking','2026-06-21 14:00:00+00','2026-06-21 14:00:00+00'),
  ('vis_qw_0014','biz_queenwest','cus_qw_0003','svc_qw_shave','Hot Towel Shave',35,1,'booking','2026-06-21 09:30:00+00','2026-06-21 09:30:00+00'),
  ('vis_qw_0015','biz_queenwest','cus_qw_0004','svc_qw_fade','Skin Fade',40,1,'booking','2026-05-20 18:45:00+00','2026-05-20 18:45:00+00'),
  ('vis_qw_0016','biz_queenwest','cus_qw_0004','svc_qw_kids','Kids Cut',25,1,'booking','2026-06-18 13:15:00+00','2026-06-18 13:15:00+00'),
  ('vis_qw_0017','biz_queenwest','cus_qw_0005','svc_qw_fade','Skin Fade',40,1,'booking','2026-04-12 14:45:00+00','2026-04-12 14:45:00+00'),
  ('vis_qw_0018','biz_queenwest','cus_qw_0005','svc_qw_grey','Grey Blending',45,1,'booking','2026-05-06 14:30:00+00','2026-05-06 14:30:00+00'),
  ('vis_qw_0019','biz_queenwest','cus_qw_0005','svc_qw_beard','Beard Trim',20,1,'booking','2026-05-08 09:30:00+00','2026-05-08 09:30:00+00'),
  ('vis_qw_0020','biz_queenwest','cus_qw_0005','svc_qw_wash','Cut & Wash',40,1,'booking','2026-05-11 10:00:00+00','2026-05-11 10:00:00+00'),
  ('vis_qw_0021','biz_queenwest','cus_qw_0005','svc_qw_lineup','Line-up',15,1,'booking','2026-05-14 16:45:00+00','2026-05-14 16:45:00+00'),
  ('vis_qw_0022','biz_queenwest','cus_qw_0005','svc_qw_kids','Kids Cut',25,1,'booking','2026-05-19 15:00:00+00','2026-05-19 15:00:00+00'),
  ('vis_qw_0023','biz_queenwest','cus_qw_0005','svc_qw_cutbeard','Cut & Beard',50,1,'booking','2026-05-20 11:15:00+00','2026-05-20 11:15:00+00'),
  ('vis_qw_0024','biz_queenwest','cus_qw_0005','svc_qw_beard','Beard Trim',20,1,'booking','2026-05-21 09:00:00+00','2026-05-21 09:00:00+00'),
  ('vis_qw_0025','biz_queenwest','cus_qw_0005','svc_qw_classic','Classic Cut',35,1,'booking','2026-05-29 09:45:00+00','2026-05-29 09:45:00+00'),
  ('vis_qw_0026','biz_queenwest','cus_qw_0005','svc_qw_beard','Beard Trim',20,1,'booking','2026-06-18 11:30:00+00','2026-06-18 11:30:00+00'),
  ('vis_qw_0027','biz_queenwest','cus_qw_0006','svc_qw_beard','Beard Trim',20,1,'booking','2026-04-30 13:15:00+00','2026-04-30 13:15:00+00'),
  ('vis_qw_0028','biz_queenwest','cus_qw_0006','svc_qw_shave','Hot Towel Shave',35,1,'booking','2026-05-06 17:45:00+00','2026-05-06 17:45:00+00'),
  ('vis_qw_0029','biz_queenwest','cus_qw_0006','svc_qw_wash','Cut & Wash',40,1,'booking','2026-05-07 18:45:00+00','2026-05-07 18:45:00+00'),
  ('vis_qw_0030','biz_queenwest','cus_qw_0006','svc_qw_grey','Grey Blending',45,1,'booking','2026-05-30 09:00:00+00','2026-05-30 09:00:00+00'),
  ('vis_qw_0031','biz_queenwest','cus_qw_0006','svc_qw_buzz','Buzz Cut',25,1,'booking','2026-05-31 14:30:00+00','2026-05-31 14:30:00+00'),
  ('vis_qw_0032','biz_queenwest','cus_qw_0006','svc_qw_shave','Hot Towel Shave',35,1,'booking','2026-06-17 13:30:00+00','2026-06-17 13:30:00+00'),
  ('vis_qw_0033','biz_queenwest','cus_qw_0007','svc_qw_cutbeard','Cut & Beard',50,1,'booking','2026-04-30 14:00:00+00','2026-04-30 14:00:00+00'),
  ('vis_qw_0034','biz_queenwest','cus_qw_0007','svc_qw_wash','Cut & Wash',40,1,'booking','2026-05-01 10:45:00+00','2026-05-01 10:45:00+00'),
  ('vis_qw_0035','biz_queenwest','cus_qw_0007','svc_qw_wash','Cut & Wash',40,1,'booking','2026-05-04 11:30:00+00','2026-05-04 11:30:00+00'),
  ('vis_qw_0036','biz_queenwest','cus_qw_0007','svc_qw_wash','Cut & Wash',40,1,'booking','2026-05-05 15:15:00+00','2026-05-05 15:15:00+00'),
  ('vis_qw_0037','biz_queenwest','cus_qw_0007','svc_qw_fade','Skin Fade',40,1,'booking','2026-05-09 18:30:00+00','2026-05-09 18:30:00+00'),
  ('vis_qw_0038','biz_queenwest','cus_qw_0007','svc_qw_wash','Cut & Wash',40,1,'booking','2026-05-13 10:00:00+00','2026-05-13 10:00:00+00'),
  ('vis_qw_0039','biz_queenwest','cus_qw_0007','svc_qw_classic','Classic Cut',35,1,'booking','2026-05-29 13:30:00+00','2026-05-29 13:30:00+00'),
  ('vis_qw_0040','biz_queenwest','cus_qw_0007','svc_qw_beard','Beard Trim',20,1,'booking','2026-06-18 09:30:00+00','2026-06-18 09:30:00+00'),
  ('vis_qw_0041','biz_queenwest','cus_qw_0008','svc_qw_fade','Skin Fade',40,1,'booking','2026-04-22 15:15:00+00','2026-04-22 15:15:00+00'),
  ('vis_qw_0042','biz_queenwest','cus_qw_0008','svc_qw_cutbeard','Cut & Beard',50,1,'booking','2026-04-30 18:00:00+00','2026-04-30 18:00:00+00'),
  ('vis_qw_0043','biz_queenwest','cus_qw_0008','svc_qw_fade','Skin Fade',40,1,'booking','2026-05-02 18:45:00+00','2026-05-02 18:45:00+00'),
  ('vis_qw_0044','biz_queenwest','cus_qw_0008','svc_qw_kids','Kids Cut',25,1,'booking','2026-05-06 18:30:00+00','2026-05-06 18:30:00+00'),
  ('vis_qw_0045','biz_queenwest','cus_qw_0008','svc_qw_classic','Classic Cut',35,1,'booking','2026-05-06 10:30:00+00','2026-05-06 10:30:00+00'),
  ('vis_qw_0046','biz_queenwest','cus_qw_0008','svc_qw_wash','Cut & Wash',40,1,'booking','2026-05-19 18:15:00+00','2026-05-19 18:15:00+00'),
  ('vis_qw_0047','biz_queenwest','cus_qw_0008','svc_qw_grey','Grey Blending',45,1,'booking','2026-06-03 12:15:00+00','2026-06-03 12:15:00+00'),
  ('vis_qw_0048','biz_queenwest','cus_qw_0008','svc_qw_classic','Classic Cut',35,1,'booking','2026-06-18 14:45:00+00','2026-06-18 14:45:00+00'),
  ('vis_qw_0049','biz_queenwest','cus_qw_0009','svc_qw_shave','Hot Towel Shave',35,1,'booking','2026-04-26 16:15:00+00','2026-04-26 16:15:00+00'),
  ('vis_qw_0050','biz_queenwest','cus_qw_0009','svc_qw_buzz','Buzz Cut',25,1,'booking','2026-05-05 11:30:00+00','2026-05-05 11:30:00+00'),
  ('vis_qw_0051','biz_queenwest','cus_qw_0009','svc_qw_wash','Cut & Wash',40,1,'booking','2026-05-22 17:45:00+00','2026-05-22 17:45:00+00'),
  ('vis_qw_0052','biz_queenwest','cus_qw_0009','svc_qw_kids','Kids Cut',25,1,'booking','2026-05-25 14:15:00+00','2026-05-25 14:15:00+00'),
  ('vis_qw_0053','biz_queenwest','cus_qw_0009','svc_qw_buzz','Buzz Cut',25,1,'booking','2026-05-26 18:45:00+00','2026-05-26 18:45:00+00'),
  ('vis_qw_0054','biz_queenwest','cus_qw_0009','svc_qw_wash','Cut & Wash',40,1,'booking','2026-06-09 17:00:00+00','2026-06-09 17:00:00+00'),
  ('vis_qw_0055','biz_queenwest','cus_qw_0009','svc_qw_grey','Grey Blending',45,1,'booking','2026-06-18 14:00:00+00','2026-06-18 14:00:00+00'),
  ('vis_qw_0056','biz_queenwest','cus_qw_0010','svc_qw_fade','Skin Fade',40,1,'booking','2026-04-22 16:15:00+00','2026-04-22 16:15:00+00'),
  ('vis_qw_0057','biz_queenwest','cus_qw_0010','svc_qw_kids','Kids Cut',25,1,'booking','2026-04-25 12:15:00+00','2026-04-25 12:15:00+00'),
  ('vis_qw_0058','biz_queenwest','cus_qw_0010','svc_qw_buzz','Buzz Cut',25,1,'booking','2026-05-03 13:00:00+00','2026-05-03 13:00:00+00'),
  ('vis_qw_0059','biz_queenwest','cus_qw_0010','svc_qw_grey','Grey Blending',45,1,'booking','2026-05-12 13:30:00+00','2026-05-12 13:30:00+00'),
  ('vis_qw_0060','biz_queenwest','cus_qw_0010','svc_qw_cutbeard','Cut & Beard',50,1,'booking','2026-05-31 14:30:00+00','2026-05-31 14:30:00+00'),
  ('vis_qw_0061','biz_queenwest','cus_qw_0010','svc_qw_wash','Cut & Wash',40,1,'booking','2026-06-02 14:15:00+00','2026-06-02 14:15:00+00'),
  ('vis_qw_0062','biz_queenwest','cus_qw_0010','svc_qw_grey','Grey Blending',45,1,'booking','2026-06-02 10:00:00+00','2026-06-02 10:00:00+00'),
  ('vis_qw_0063','biz_queenwest','cus_qw_0010','svc_qw_kids','Kids Cut',25,1,'booking','2026-06-10 10:45:00+00','2026-06-10 10:45:00+00'),
  ('vis_qw_0064','biz_queenwest','cus_qw_0011','svc_qw_fade','Skin Fade',40,1,'booking','2026-05-07 16:00:00+00','2026-05-07 16:00:00+00'),
  ('vis_qw_0065','biz_queenwest','cus_qw_0011','svc_qw_beard','Beard Trim',20,1,'booking','2026-05-16 18:15:00+00','2026-05-16 18:15:00+00'),
  ('vis_qw_0066','biz_queenwest','cus_qw_0011','svc_qw_fade','Skin Fade',40,1,'booking','2026-05-16 12:15:00+00','2026-05-16 12:15:00+00'),
  ('vis_qw_0067','biz_queenwest','cus_qw_0011','svc_qw_classic','Classic Cut',35,1,'booking','2026-05-17 14:30:00+00','2026-05-17 14:30:00+00'),
  ('vis_qw_0068','biz_queenwest','cus_qw_0011','svc_qw_kids','Kids Cut',25,1,'booking','2026-06-03 15:00:00+00','2026-06-03 15:00:00+00'),
  ('vis_qw_0069','biz_queenwest','cus_qw_0011','svc_qw_lineup','Line-up',15,1,'booking','2026-06-17 11:15:00+00','2026-06-17 11:15:00+00'),
  ('vis_qw_0070','biz_queenwest','cus_qw_0011','svc_qw_cutbeard','Cut & Beard',50,1,'booking','2026-06-20 13:00:00+00','2026-06-20 13:00:00+00'),
  ('vis_qw_0071','biz_queenwest','cus_qw_0012','svc_qw_fade','Skin Fade',40,1,'booking','2026-04-27 11:00:00+00','2026-04-27 11:00:00+00'),
  ('vis_qw_0072','biz_queenwest','cus_qw_0012','svc_qw_lineup','Line-up',15,1,'booking','2026-05-01 17:30:00+00','2026-05-01 17:30:00+00'),
  ('vis_qw_0073','biz_queenwest','cus_qw_0012','svc_qw_shave','Hot Towel Shave',35,1,'booking','2026-05-08 16:30:00+00','2026-05-08 16:30:00+00'),
  ('vis_qw_0074','biz_queenwest','cus_qw_0012','svc_qw_kids','Kids Cut',25,1,'booking','2026-05-12 11:45:00+00','2026-05-12 11:45:00+00'),
  ('vis_qw_0075','biz_queenwest','cus_qw_0012','svc_qw_shave','Hot Towel Shave',35,1,'booking','2026-05-13 14:15:00+00','2026-05-13 14:15:00+00'),
  ('vis_qw_0076','biz_queenwest','cus_qw_0012','svc_qw_buzz','Buzz Cut',25,1,'booking','2026-05-15 12:00:00+00','2026-05-15 12:00:00+00'),
  ('vis_qw_0077','biz_queenwest','cus_qw_0012','svc_qw_buzz','Buzz Cut',25,1,'booking','2026-05-17 09:00:00+00','2026-05-17 09:00:00+00'),
  ('vis_qw_0078','biz_queenwest','cus_qw_0012','svc_qw_grey','Grey Blending',45,1,'booking','2026-05-24 15:00:00+00','2026-05-24 15:00:00+00'),
  ('vis_qw_0079','biz_queenwest','cus_qw_0012','svc_qw_fade','Skin Fade',40,1,'booking','2026-06-15 10:45:00+00','2026-06-15 10:45:00+00'),
  ('vis_qw_0080','biz_queenwest','cus_qw_0012','svc_qw_cutbeard','Cut & Beard',50,1,'booking','2026-06-18 17:15:00+00','2026-06-18 17:15:00+00'),
  ('vis_qw_0081','biz_queenwest','cus_qw_0012','svc_qw_beard','Beard Trim',20,1,'booking','2026-06-19 12:30:00+00','2026-06-19 12:30:00+00'),
  ('vis_qw_0082','biz_queenwest','cus_qw_0012','svc_qw_wash','Cut & Wash',40,1,'booking','2026-06-19 12:30:00+00','2026-06-19 12:30:00+00'),
  ('vis_qw_0083','biz_queenwest','cus_qw_0013','svc_qw_classic','Classic Cut',35,1,'booking','2026-04-05 15:30:00+00','2026-04-05 15:30:00+00'),
  ('vis_qw_0084','biz_queenwest','cus_qw_0013','svc_qw_buzz','Buzz Cut',25,1,'booking','2026-05-03 13:45:00+00','2026-05-03 13:45:00+00'),
  ('vis_qw_0085','biz_queenwest','cus_qw_0013','svc_qw_buzz','Buzz Cut',25,1,'booking','2026-05-07 11:15:00+00','2026-05-07 11:15:00+00'),
  ('vis_qw_0086','biz_queenwest','cus_qw_0013','svc_qw_cutbeard','Cut & Beard',50,1,'booking','2026-05-10 13:15:00+00','2026-05-10 13:15:00+00'),
  ('vis_qw_0087','biz_queenwest','cus_qw_0013','svc_qw_cutbeard','Cut & Beard',50,1,'booking','2026-06-02 18:15:00+00','2026-06-02 18:15:00+00'),
  ('vis_qw_0088','biz_queenwest','cus_qw_0013','svc_qw_grey','Grey Blending',45,1,'booking','2026-06-02 17:45:00+00','2026-06-02 17:45:00+00'),
  ('vis_qw_0089','biz_queenwest','cus_qw_0013','svc_qw_grey','Grey Blending',45,1,'booking','2026-06-06 12:00:00+00','2026-06-06 12:00:00+00'),
  ('vis_qw_0090','biz_queenwest','cus_qw_0014','svc_qw_classic','Classic Cut',35,1,'booking','2026-04-08 12:00:00+00','2026-04-08 12:00:00+00'),
  ('vis_qw_0091','biz_queenwest','cus_qw_0014','svc_qw_shave','Hot Towel Shave',35,1,'booking','2026-04-09 10:00:00+00','2026-04-09 10:00:00+00'),
  ('vis_qw_0092','biz_queenwest','cus_qw_0014','svc_qw_cutbeard','Cut & Beard',50,1,'booking','2026-04-18 09:15:00+00','2026-04-18 09:15:00+00'),
  ('vis_qw_0093','biz_queenwest','cus_qw_0014','svc_qw_beard','Beard Trim',20,1,'booking','2026-04-22 15:00:00+00','2026-04-22 15:00:00+00'),
  ('vis_qw_0094','biz_queenwest','cus_qw_0014','svc_qw_buzz','Buzz Cut',25,1,'booking','2026-05-06 10:30:00+00','2026-05-06 10:30:00+00'),
  ('vis_qw_0095','biz_queenwest','cus_qw_0014','svc_qw_kids','Kids Cut',25,1,'booking','2026-05-23 09:30:00+00','2026-05-23 09:30:00+00'),
  ('vis_qw_0096','biz_queenwest','cus_qw_0014','svc_qw_buzz','Buzz Cut',25,1,'booking','2026-05-28 15:00:00+00','2026-05-28 15:00:00+00'),
  ('vis_qw_0097','biz_queenwest','cus_qw_0014','svc_qw_buzz','Buzz Cut',25,1,'booking','2026-06-05 16:00:00+00','2026-06-05 16:00:00+00'),
  ('vis_qw_0098','biz_queenwest','cus_qw_0014','svc_qw_classic','Classic Cut',35,1,'booking','2026-06-09 10:45:00+00','2026-06-09 10:45:00+00'),
  ('vis_qw_0099','biz_queenwest','cus_qw_0014','svc_qw_cutbeard','Cut & Beard',50,1,'booking','2026-06-12 09:45:00+00','2026-06-12 09:45:00+00'),
  ('vis_qw_0100','biz_queenwest','cus_qw_0015','svc_qw_wash','Cut & Wash',40,1,'booking','2026-04-17 09:30:00+00','2026-04-17 09:30:00+00'),
  ('vis_qw_0101','biz_queenwest','cus_qw_0015','svc_qw_shave','Hot Towel Shave',35,1,'booking','2026-04-23 16:30:00+00','2026-04-23 16:30:00+00'),
  ('vis_qw_0102','biz_queenwest','cus_qw_0015','svc_qw_grey','Grey Blending',45,1,'booking','2026-05-12 15:45:00+00','2026-05-12 15:45:00+00'),
  ('vis_qw_0103','biz_queenwest','cus_qw_0015','svc_qw_cutbeard','Cut & Beard',50,1,'booking','2026-05-13 10:30:00+00','2026-05-13 10:30:00+00'),
  ('vis_qw_0104','biz_queenwest','cus_qw_0015','svc_qw_buzz','Buzz Cut',25,1,'booking','2026-05-17 11:45:00+00','2026-05-17 11:45:00+00'),
  ('vis_qw_0105','biz_queenwest','cus_qw_0015','svc_qw_shave','Hot Towel Shave',35,1,'booking','2026-06-10 12:00:00+00','2026-06-10 12:00:00+00'),
  ('vis_qw_0106','biz_queenwest','cus_qw_0016','svc_qw_fade','Skin Fade',40,1,'booking','2026-04-18 17:15:00+00','2026-04-18 17:15:00+00'),
  ('vis_qw_0107','biz_queenwest','cus_qw_0016','svc_qw_lineup','Line-up',15,1,'booking','2026-05-01 14:00:00+00','2026-05-01 14:00:00+00'),
  ('vis_qw_0108','biz_queenwest','cus_qw_0016','svc_qw_kids','Kids Cut',25,1,'booking','2026-05-14 11:45:00+00','2026-05-14 11:45:00+00'),
  ('vis_qw_0109','biz_queenwest','cus_qw_0016','svc_qw_wash','Cut & Wash',40,1,'booking','2026-05-15 11:30:00+00','2026-05-15 11:30:00+00'),
  ('vis_qw_0110','biz_queenwest','cus_qw_0016','svc_qw_wash','Cut & Wash',40,1,'booking','2026-05-31 14:30:00+00','2026-05-31 14:30:00+00'),
  ('vis_qw_0111','biz_queenwest','cus_qw_0017','svc_qw_fade','Skin Fade',40,1,'booking','2026-05-12 16:45:00+00','2026-05-12 16:45:00+00'),
  ('vis_qw_0112','biz_queenwest','cus_qw_0017','svc_qw_classic','Classic Cut',35,1,'booking','2026-05-14 14:30:00+00','2026-05-14 14:30:00+00'),
  ('vis_qw_0113','biz_queenwest','cus_qw_0017','svc_qw_beard','Beard Trim',20,1,'booking','2026-05-16 13:15:00+00','2026-05-16 13:15:00+00'),
  ('vis_qw_0114','biz_queenwest','cus_qw_0017','svc_qw_grey','Grey Blending',45,1,'booking','2026-05-23 12:30:00+00','2026-05-23 12:30:00+00'),
  ('vis_qw_0115','biz_queenwest','cus_qw_0017','svc_qw_beard','Beard Trim',20,1,'booking','2026-05-25 14:30:00+00','2026-05-25 14:30:00+00'),
  ('vis_qw_0116','biz_queenwest','cus_qw_0017','svc_qw_shave','Hot Towel Shave',35,1,'booking','2026-05-27 13:45:00+00','2026-05-27 13:45:00+00'),
  ('vis_qw_0117','biz_queenwest','cus_qw_0017','svc_qw_beard','Beard Trim',20,1,'booking','2026-06-01 09:15:00+00','2026-06-01 09:15:00+00'),
  ('vis_qw_0118','biz_queenwest','cus_qw_0017','svc_qw_wash','Cut & Wash',40,1,'booking','2026-06-04 12:45:00+00','2026-06-04 12:45:00+00'),
  ('vis_qw_0119','biz_queenwest','cus_qw_0018','svc_qw_fade','Skin Fade',40,1,'booking','2026-05-17 13:45:00+00','2026-05-17 13:45:00+00'),
  ('vis_qw_0120','biz_queenwest','cus_qw_0018','svc_qw_kids','Kids Cut',25,1,'booking','2026-05-26 10:30:00+00','2026-05-26 10:30:00+00'),
  ('vis_qw_0121','biz_queenwest','cus_qw_0018','svc_qw_wash','Cut & Wash',40,1,'booking','2026-06-10 09:00:00+00','2026-06-10 09:00:00+00'),
  ('vis_qw_0122','biz_queenwest','cus_qw_0019','svc_qw_cutbeard','Cut & Beard',50,1,'booking','2026-05-20 13:00:00+00','2026-05-20 13:00:00+00'),
  ('vis_qw_0123','biz_queenwest','cus_qw_0019','svc_qw_buzz','Buzz Cut',25,1,'booking','2026-05-24 13:15:00+00','2026-05-24 13:15:00+00'),
  ('vis_qw_0124','biz_queenwest','cus_qw_0019','svc_qw_beard','Beard Trim',20,1,'booking','2026-05-25 16:00:00+00','2026-05-25 16:00:00+00'),
  ('vis_qw_0125','biz_queenwest','cus_qw_0019','svc_qw_cutbeard','Cut & Beard',50,1,'booking','2026-06-01 17:30:00+00','2026-06-01 17:30:00+00'),
  ('vis_qw_0126','biz_queenwest','cus_qw_0019','svc_qw_buzz','Buzz Cut',25,1,'booking','2026-06-02 14:15:00+00','2026-06-02 14:15:00+00'),
  ('vis_qw_0127','biz_queenwest','cus_qw_0019','svc_qw_kids','Kids Cut',25,1,'booking','2026-06-09 11:15:00+00','2026-06-09 11:15:00+00'),
  ('vis_qw_0128','biz_queenwest','cus_qw_0020','svc_qw_grey','Grey Blending',45,1,'booking','2026-06-16 16:15:00+00','2026-06-16 16:15:00+00'),
  ('vis_qw_0129','biz_queenwest','cus_qw_0020','svc_qw_lineup','Line-up',15,1,'booking','2026-06-20 14:30:00+00','2026-06-20 14:30:00+00'),
  ('vis_qw_0130','biz_queenwest','cus_qw_0021','svc_qw_buzz','Buzz Cut',25,1,'booking','2026-05-09 17:30:00+00','2026-05-09 17:30:00+00'),
  ('vis_qw_0131','biz_queenwest','cus_qw_0021','svc_qw_buzz','Buzz Cut',25,1,'booking','2026-05-22 17:00:00+00','2026-05-22 17:00:00+00'),
  ('vis_qw_0132','biz_queenwest','cus_qw_0021','svc_qw_beard','Beard Trim',20,1,'booking','2026-06-19 15:00:00+00','2026-06-19 15:00:00+00'),
  ('vis_qw_0133','biz_queenwest','cus_qw_0021','svc_qw_kids','Kids Cut',25,1,'booking','2026-06-20 16:15:00+00','2026-06-20 16:15:00+00'),
  ('vis_qw_0134','biz_queenwest','cus_qw_0022','svc_qw_fade','Skin Fade',40,1,'booking','2026-05-11 17:30:00+00','2026-05-11 17:30:00+00'),
  ('vis_qw_0135','biz_queenwest','cus_qw_0022','svc_qw_classic','Classic Cut',35,1,'booking','2026-05-19 15:15:00+00','2026-05-19 15:15:00+00'),
  ('vis_qw_0136','biz_queenwest','cus_qw_0022','svc_qw_shave','Hot Towel Shave',35,1,'booking','2026-05-24 09:15:00+00','2026-05-24 09:15:00+00'),
  ('vis_qw_0137','biz_queenwest','cus_qw_0022','svc_qw_buzz','Buzz Cut',25,1,'booking','2026-05-25 14:45:00+00','2026-05-25 14:45:00+00'),
  ('vis_qw_0138','biz_queenwest','cus_qw_0022','svc_qw_kids','Kids Cut',25,1,'booking','2026-05-28 14:15:00+00','2026-05-28 14:15:00+00'),
  ('vis_qw_0139','biz_queenwest','cus_qw_0022','svc_qw_fade','Skin Fade',40,1,'booking','2026-05-29 10:15:00+00','2026-05-29 10:15:00+00'),
  ('vis_qw_0140','biz_queenwest','cus_qw_0022','svc_qw_beard','Beard Trim',20,1,'booking','2026-06-01 11:30:00+00','2026-06-01 11:30:00+00'),
  ('vis_qw_0141','biz_queenwest','cus_qw_0023','svc_qw_buzz','Buzz Cut',25,1,'booking','2026-06-16 17:30:00+00','2026-06-16 17:30:00+00'),
  ('vis_qw_0142','biz_queenwest','cus_qw_0023','svc_qw_lineup','Line-up',15,1,'booking','2026-06-17 18:30:00+00','2026-06-17 18:30:00+00'),
  ('vis_qw_0143','biz_queenwest','cus_qw_0024','svc_qw_cutbeard','Cut & Beard',50,1,'booking','2026-06-07 16:30:00+00','2026-06-07 16:30:00+00'),
  ('vis_qw_0144','biz_queenwest','cus_qw_0024','svc_qw_wash','Cut & Wash',40,1,'booking','2026-06-09 13:00:00+00','2026-06-09 13:00:00+00'),
  ('vis_qw_0145','biz_queenwest','cus_qw_0024','svc_qw_buzz','Buzz Cut',25,1,'booking','2026-06-11 14:45:00+00','2026-06-11 14:45:00+00'),
  ('vis_qw_0146','biz_queenwest','cus_qw_0024','svc_qw_cutbeard','Cut & Beard',50,1,'booking','2026-06-16 14:45:00+00','2026-06-16 14:45:00+00'),
  ('vis_qw_0147','biz_queenwest','cus_qw_0024','svc_qw_kids','Kids Cut',25,1,'booking','2026-06-17 10:30:00+00','2026-06-17 10:30:00+00'),
  ('vis_qw_0148','biz_queenwest','cus_qw_0025','svc_qw_cutbeard','Cut & Beard',50,1,'booking','2026-05-24 09:15:00+00','2026-05-24 09:15:00+00'),
  ('vis_qw_0149','biz_queenwest','cus_qw_0025','svc_qw_lineup','Line-up',15,1,'booking','2026-05-25 10:15:00+00','2026-05-25 10:15:00+00'),
  ('vis_qw_0150','biz_queenwest','cus_qw_0025','svc_qw_shave','Hot Towel Shave',35,1,'booking','2026-05-25 09:45:00+00','2026-05-25 09:45:00+00'),
  ('vis_qw_0151','biz_queenwest','cus_qw_0025','svc_qw_fade','Skin Fade',40,1,'booking','2026-05-25 16:15:00+00','2026-05-25 16:15:00+00'),
  ('vis_qw_0152','biz_queenwest','cus_qw_0025','svc_qw_shave','Hot Towel Shave',35,1,'booking','2026-06-01 14:00:00+00','2026-06-01 14:00:00+00'),
  ('vis_qw_0153','biz_queenwest','cus_qw_0025','svc_qw_fade','Skin Fade',40,1,'booking','2026-06-03 12:15:00+00','2026-06-03 12:15:00+00'),
  ('vis_qw_0154','biz_queenwest','cus_qw_0025','svc_qw_kids','Kids Cut',25,1,'booking','2026-06-17 10:30:00+00','2026-06-17 10:30:00+00'),
  ('vis_qw_0155','biz_queenwest','cus_qw_0025','svc_qw_lineup','Line-up',15,1,'booking','2026-06-21 18:45:00+00','2026-06-21 18:45:00+00'),
  ('vis_qw_0156','biz_queenwest','cus_qw_0026','svc_qw_kids','Kids Cut',25,1,'booking','2026-06-09 10:45:00+00','2026-06-09 10:45:00+00'),
  ('vis_qw_0157','biz_queenwest','cus_qw_0026','svc_qw_lineup','Line-up',15,1,'booking','2026-06-19 10:30:00+00','2026-06-19 10:30:00+00'),
  ('vis_qw_0158','biz_queenwest','cus_qw_0026','svc_qw_classic','Classic Cut',35,1,'booking','2026-06-21 09:15:00+00','2026-06-21 09:15:00+00'),
  ('vis_qw_0159','biz_queenwest','cus_qw_0027','svc_qw_lineup','Line-up',15,1,'booking','2026-05-31 15:00:00+00','2026-05-31 15:00:00+00'),
  ('vis_qw_0160','biz_queenwest','cus_qw_0027','svc_qw_fade','Skin Fade',40,1,'booking','2026-06-02 13:30:00+00','2026-06-02 13:30:00+00'),
  ('vis_qw_0161','biz_queenwest','cus_qw_0027','svc_qw_fade','Skin Fade',40,1,'booking','2026-06-07 12:30:00+00','2026-06-07 12:30:00+00'),
  ('vis_qw_0162','biz_queenwest','cus_qw_0027','svc_qw_grey','Grey Blending',45,1,'booking','2026-06-09 18:30:00+00','2026-06-09 18:30:00+00'),
  ('vis_qw_0163','biz_queenwest','cus_qw_0027','svc_qw_cutbeard','Cut & Beard',50,1,'booking','2026-06-14 13:15:00+00','2026-06-14 13:15:00+00'),
  ('vis_qw_0164','biz_queenwest','cus_qw_0027','svc_qw_beard','Beard Trim',20,1,'booking','2026-06-15 12:15:00+00','2026-06-15 12:15:00+00'),
  ('vis_qw_0165','biz_queenwest','cus_qw_0027','svc_qw_classic','Classic Cut',35,1,'booking','2026-06-18 14:15:00+00','2026-06-18 14:15:00+00'),
  ('vis_qw_0166','biz_queenwest','cus_qw_0027','svc_qw_kids','Kids Cut',25,1,'booking','2026-06-21 14:15:00+00','2026-06-21 14:15:00+00'),
  ('vis_qw_0167','biz_queenwest','cus_qw_0027','svc_qw_fade','Skin Fade',40,1,'booking','2026-06-21 11:15:00+00','2026-06-21 11:15:00+00'),
  ('vis_qw_0168','biz_queenwest','cus_qw_0028','svc_qw_kids','Kids Cut',25,1,'booking','2026-05-03 17:00:00+00','2026-05-03 17:00:00+00'),
  ('vis_qw_0169','biz_queenwest','cus_qw_0028','svc_qw_cutbeard','Cut & Beard',50,1,'booking','2026-05-04 16:30:00+00','2026-05-04 16:30:00+00'),
  ('vis_qw_0170','biz_queenwest','cus_qw_0028','svc_qw_grey','Grey Blending',45,1,'booking','2026-05-23 11:00:00+00','2026-05-23 11:00:00+00'),
  ('vis_qw_0171','biz_queenwest','cus_qw_0028','svc_qw_cutbeard','Cut & Beard',50,1,'booking','2026-06-06 18:00:00+00','2026-06-06 18:00:00+00'),
  ('vis_qw_0172','biz_queenwest','cus_qw_0028','svc_qw_fade','Skin Fade',40,1,'booking','2026-06-19 14:15:00+00','2026-06-19 14:15:00+00'),
  ('vis_qw_0173','biz_queenwest','cus_qw_0028','svc_qw_kids','Kids Cut',25,1,'booking','2026-06-20 13:30:00+00','2026-06-20 13:30:00+00'),
  ('vis_qw_0174','biz_queenwest','cus_qw_0028','svc_qw_shave','Hot Towel Shave',35,1,'booking','2026-06-21 10:00:00+00','2026-06-21 10:00:00+00'),
  ('vis_qw_0175','biz_queenwest','cus_qw_0029','svc_qw_wash','Cut & Wash',40,1,'booking','2026-05-23 15:00:00+00','2026-05-23 15:00:00+00'),
  ('vis_qw_0176','biz_queenwest','cus_qw_0029','svc_qw_classic','Classic Cut',35,1,'booking','2026-05-24 16:45:00+00','2026-05-24 16:45:00+00'),
  ('vis_qw_0177','biz_queenwest','cus_qw_0029','svc_qw_beard','Beard Trim',20,1,'booking','2026-06-01 18:00:00+00','2026-06-01 18:00:00+00'),
  ('vis_qw_0178','biz_queenwest','cus_qw_0030','svc_qw_fade','Skin Fade',40,1,'booking','2026-06-20 09:45:00+00','2026-06-20 09:45:00+00'),
  ('vis_qw_0179','biz_queenwest','cus_qw_0030','svc_qw_shave','Hot Towel Shave',35,1,'booking','2026-06-21 16:00:00+00','2026-06-21 16:00:00+00'),
  ('vis_qw_0180','biz_queenwest','cus_qw_0031','svc_qw_buzz','Buzz Cut',25,1,'booking','2026-05-28 10:45:00+00','2026-05-28 10:45:00+00'),
  ('vis_qw_0181','biz_queenwest','cus_qw_0031','svc_qw_kids','Kids Cut',25,1,'booking','2026-05-30 18:15:00+00','2026-05-30 18:15:00+00'),
  ('vis_qw_0182','biz_queenwest','cus_qw_0031','svc_qw_lineup','Line-up',15,1,'booking','2026-06-04 18:15:00+00','2026-06-04 18:15:00+00'),
  ('vis_qw_0183','biz_queenwest','cus_qw_0031','svc_qw_buzz','Buzz Cut',25,1,'booking','2026-06-07 09:45:00+00','2026-06-07 09:45:00+00'),
  ('vis_qw_0184','biz_queenwest','cus_qw_0031','svc_qw_beard','Beard Trim',20,1,'booking','2026-06-08 12:00:00+00','2026-06-08 12:00:00+00'),
  ('vis_qw_0185','biz_queenwest','cus_qw_0032','svc_qw_lineup','Line-up',15,1,'booking','2026-05-22 14:30:00+00','2026-05-22 14:30:00+00'),
  ('vis_qw_0186','biz_queenwest','cus_qw_0032','svc_qw_fade','Skin Fade',40,1,'booking','2026-06-01 17:45:00+00','2026-06-01 17:45:00+00'),
  ('vis_qw_0187','biz_queenwest','cus_qw_0032','svc_qw_buzz','Buzz Cut',25,1,'booking','2026-06-05 18:15:00+00','2026-06-05 18:15:00+00'),
  ('vis_qw_0188','biz_queenwest','cus_qw_0032','svc_qw_grey','Grey Blending',45,1,'booking','2026-06-10 17:00:00+00','2026-06-10 17:00:00+00'),
  ('vis_qw_0189','biz_queenwest','cus_qw_0032','svc_qw_lineup','Line-up',15,1,'booking','2026-06-17 14:15:00+00','2026-06-17 14:15:00+00'),
  ('vis_qw_0190','biz_queenwest','cus_qw_0032','svc_qw_shave','Hot Towel Shave',35,1,'booking','2026-06-17 13:00:00+00','2026-06-17 13:00:00+00'),
  ('vis_qw_0191','biz_queenwest','cus_qw_0032','svc_qw_cutbeard','Cut & Beard',50,1,'booking','2026-06-18 11:45:00+00','2026-06-18 11:45:00+00'),
  ('vis_qw_0192','biz_queenwest','cus_qw_0033','svc_qw_kids','Kids Cut',25,1,'booking','2026-06-02 18:00:00+00','2026-06-02 18:00:00+00'),
  ('vis_qw_0193','biz_queenwest','cus_qw_0033','svc_qw_shave','Hot Towel Shave',35,1,'booking','2026-06-06 09:15:00+00','2026-06-06 09:15:00+00'),
  ('vis_qw_0194','biz_queenwest','cus_qw_0033','svc_qw_kids','Kids Cut',25,1,'booking','2026-06-17 16:15:00+00','2026-06-17 16:15:00+00'),
  ('vis_qw_0195','biz_queenwest','cus_qw_0033','svc_qw_grey','Grey Blending',45,1,'booking','2026-06-20 09:00:00+00','2026-06-20 09:00:00+00'),
  ('vis_qw_0196','biz_queenwest','cus_qw_0034','svc_qw_lineup','Line-up',15,1,'booking','2026-05-31 12:00:00+00','2026-05-31 12:00:00+00'),
  ('vis_qw_0197','biz_queenwest','cus_qw_0034','svc_qw_buzz','Buzz Cut',25,1,'booking','2026-06-05 10:15:00+00','2026-06-05 10:15:00+00'),
  ('vis_qw_0198','biz_queenwest','cus_qw_0034','svc_qw_beard','Beard Trim',20,1,'booking','2026-06-15 13:45:00+00','2026-06-15 13:45:00+00'),
  ('vis_qw_0199','biz_queenwest','cus_qw_0035','svc_qw_buzz','Buzz Cut',25,1,'booking','2026-05-30 14:00:00+00','2026-05-30 14:00:00+00'),
  ('vis_qw_0200','biz_queenwest','cus_qw_0035','svc_qw_grey','Grey Blending',45,1,'booking','2026-06-08 12:15:00+00','2026-06-08 12:15:00+00'),
  ('vis_qw_0201','biz_queenwest','cus_qw_0036','svc_qw_cutbeard','Cut & Beard',50,1,'booking','2026-05-22 10:30:00+00','2026-05-22 10:30:00+00'),
  ('vis_qw_0202','biz_queenwest','cus_qw_0036','svc_qw_shave','Hot Towel Shave',35,1,'booking','2026-06-14 10:15:00+00','2026-06-14 10:15:00+00'),
  ('vis_qw_0203','biz_queenwest','cus_qw_0036','svc_qw_wash','Cut & Wash',40,1,'booking','2026-06-14 17:00:00+00','2026-06-14 17:00:00+00'),
  ('vis_qw_0204','biz_queenwest','cus_qw_0037','svc_qw_classic','Classic Cut',35,1,'booking','2026-05-11 17:15:00+00','2026-05-11 17:15:00+00'),
  ('vis_qw_0205','biz_queenwest','cus_qw_0037','svc_qw_beard','Beard Trim',20,1,'booking','2026-05-20 12:45:00+00','2026-05-20 12:45:00+00'),
  ('vis_qw_0206','biz_queenwest','cus_qw_0037','svc_qw_shave','Hot Towel Shave',35,1,'booking','2026-06-01 09:30:00+00','2026-06-01 09:30:00+00'),
  ('vis_qw_0207','biz_queenwest','cus_qw_0038','svc_qw_beard','Beard Trim',20,1,'booking','2026-05-27 17:45:00+00','2026-05-27 17:45:00+00'),
  ('vis_qw_0208','biz_queenwest','cus_qw_0038','svc_qw_kids','Kids Cut',25,1,'booking','2026-05-30 14:15:00+00','2026-05-30 14:15:00+00'),
  ('vis_qw_0209','biz_queenwest','cus_qw_0038','svc_qw_classic','Classic Cut',35,1,'booking','2026-05-31 17:45:00+00','2026-05-31 17:45:00+00'),
  ('vis_qw_0210','biz_queenwest','cus_qw_0038','svc_qw_buzz','Buzz Cut',25,1,'booking','2026-06-15 13:15:00+00','2026-06-15 13:15:00+00'),
  ('vis_qw_0211','biz_queenwest','cus_qw_0038','svc_qw_kids','Kids Cut',25,1,'booking','2026-06-21 13:30:00+00','2026-06-21 13:30:00+00'),
  ('vis_qw_0212','biz_queenwest','cus_qw_0040','svc_qw_classic','Classic Cut',35,1,'booking','2026-06-17 13:00:00+00','2026-06-17 13:00:00+00'),
  ('vis_qw_0213','biz_queenwest','cus_qw_0041','svc_qw_fade','Skin Fade',40,1,'booking','2026-05-22 14:00:00+00','2026-05-22 14:00:00+00'),
  ('vis_qw_0214','biz_queenwest','cus_qw_0041','svc_qw_fade','Skin Fade',40,1,'booking','2026-06-01 14:30:00+00','2026-06-01 14:30:00+00'),
  ('vis_qw_0215','biz_queenwest','cus_qw_0041','svc_qw_beard','Beard Trim',20,1,'booking','2026-06-15 11:45:00+00','2026-06-15 11:45:00+00'),
  ('vis_qw_0216','biz_queenwest','cus_qw_0042','svc_qw_beard','Beard Trim',20,1,'booking','2026-05-20 16:45:00+00','2026-05-20 16:45:00+00'),
  ('vis_qw_0217','biz_queenwest','cus_qw_0042','svc_qw_classic','Classic Cut',35,1,'booking','2026-06-06 18:45:00+00','2026-06-06 18:45:00+00'),
  ('vis_qw_0218','biz_queenwest','cus_qw_0042','svc_qw_wash','Cut & Wash',40,1,'booking','2026-06-07 16:30:00+00','2026-06-07 16:30:00+00'),
  ('vis_qw_0219','biz_queenwest','cus_qw_0042','svc_qw_fade','Skin Fade',40,1,'booking','2026-06-13 18:00:00+00','2026-06-13 18:00:00+00'),
  ('vis_qw_0220','biz_queenwest','cus_qw_0042','svc_qw_shave','Hot Towel Shave',35,1,'booking','2026-06-20 11:15:00+00','2026-06-20 11:15:00+00'),
  ('vis_qw_0221','biz_queenwest','cus_qw_0043','svc_qw_kids','Kids Cut',25,1,'booking','2026-05-16 11:45:00+00','2026-05-16 11:45:00+00'),
  ('vis_qw_0222','biz_queenwest','cus_qw_0043','svc_qw_buzz','Buzz Cut',25,1,'booking','2026-05-30 17:45:00+00','2026-05-30 17:45:00+00'),
  ('vis_qw_0223','biz_queenwest','cus_qw_0043','svc_qw_cutbeard','Cut & Beard',50,1,'booking','2026-06-02 17:45:00+00','2026-06-02 17:45:00+00'),
  ('vis_qw_0224','biz_queenwest','cus_qw_0043','svc_qw_wash','Cut & Wash',40,1,'booking','2026-06-06 15:15:00+00','2026-06-06 15:15:00+00'),
  ('vis_qw_0225','biz_queenwest','cus_qw_0043','svc_qw_beard','Beard Trim',20,1,'booking','2026-06-12 09:30:00+00','2026-06-12 09:30:00+00'),
  ('vis_qw_0226','biz_queenwest','cus_qw_0044','svc_qw_beard','Beard Trim',20,1,'booking','2026-05-12 14:15:00+00','2026-05-12 14:15:00+00'),
  ('vis_qw_0227','biz_queenwest','cus_qw_0044','svc_qw_fade','Skin Fade',40,1,'booking','2026-05-19 10:15:00+00','2026-05-19 10:15:00+00'),
  ('vis_qw_0228','biz_queenwest','cus_qw_0044','svc_qw_cutbeard','Cut & Beard',50,1,'booking','2026-06-12 09:15:00+00','2026-06-12 09:15:00+00'),
  ('vis_qw_0229','biz_queenwest','cus_qw_0044','svc_qw_wash','Cut & Wash',40,1,'booking','2026-06-17 12:45:00+00','2026-06-17 12:45:00+00'),
  ('vis_qw_0230','biz_queenwest','cus_qw_0045','svc_qw_classic','Classic Cut',35,1,'booking','2026-05-06 12:45:00+00','2026-05-06 12:45:00+00'),
  ('vis_qw_0231','biz_queenwest','cus_qw_0045','svc_qw_kids','Kids Cut',25,1,'booking','2026-05-17 11:45:00+00','2026-05-17 11:45:00+00'),
  ('vis_qw_0232','biz_queenwest','cus_qw_0045','svc_qw_classic','Classic Cut',35,1,'booking','2026-05-18 11:15:00+00','2026-05-18 11:15:00+00'),
  ('vis_qw_0233','biz_queenwest','cus_qw_0045','svc_qw_wash','Cut & Wash',40,1,'booking','2026-05-28 13:15:00+00','2026-05-28 13:15:00+00'),
  ('vis_qw_0234','biz_queenwest','cus_qw_0045','svc_qw_buzz','Buzz Cut',25,1,'booking','2026-06-03 18:15:00+00','2026-06-03 18:15:00+00'),
  ('vis_qw_0235','biz_queenwest','cus_qw_0045','svc_qw_classic','Classic Cut',35,1,'booking','2026-06-16 18:15:00+00','2026-06-16 18:15:00+00'),
  ('vis_qw_0236','biz_queenwest','cus_qw_0046','svc_qw_kids','Kids Cut',25,1,'booking','2026-05-31 17:15:00+00','2026-05-31 17:15:00+00'),
  ('vis_qw_0237','biz_queenwest','cus_qw_0047','svc_qw_grey','Grey Blending',45,1,'booking','2026-05-13 11:00:00+00','2026-05-13 11:00:00+00'),
  ('vis_qw_0238','biz_queenwest','cus_qw_0047','svc_qw_grey','Grey Blending',45,1,'booking','2026-05-21 14:30:00+00','2026-05-21 14:30:00+00'),
  ('vis_qw_0239','biz_queenwest','cus_qw_0047','svc_qw_grey','Grey Blending',45,1,'booking','2026-06-10 18:00:00+00','2026-06-10 18:00:00+00'),
  ('vis_qw_0240','biz_queenwest','cus_qw_0048','svc_qw_kids','Kids Cut',25,1,'booking','2026-05-13 14:30:00+00','2026-05-13 14:30:00+00'),
  ('vis_qw_0241','biz_queenwest','cus_qw_0048','svc_qw_fade','Skin Fade',40,1,'booking','2026-05-23 13:00:00+00','2026-05-23 13:00:00+00'),
  ('vis_qw_0242','biz_queenwest','cus_qw_0048','svc_qw_buzz','Buzz Cut',25,1,'booking','2026-05-23 15:00:00+00','2026-05-23 15:00:00+00'),
  ('vis_qw_0243','biz_queenwest','cus_qw_0048','svc_qw_buzz','Buzz Cut',25,1,'booking','2026-05-26 14:00:00+00','2026-05-26 14:00:00+00'),
  ('vis_qw_0244','biz_queenwest','cus_qw_0048','svc_qw_buzz','Buzz Cut',25,1,'booking','2026-06-10 10:30:00+00','2026-06-10 10:30:00+00'),
  ('vis_qw_0245','biz_queenwest','cus_qw_0048','svc_qw_kids','Kids Cut',25,1,'booking','2026-06-21 09:15:00+00','2026-06-21 09:15:00+00'),
  ('vis_qw_0246','biz_queenwest','cus_qw_0049','svc_qw_beard','Beard Trim',20,1,'booking','2026-05-24 13:15:00+00','2026-05-24 13:15:00+00'),
  ('vis_qw_0247','biz_queenwest','cus_qw_0049','svc_qw_grey','Grey Blending',45,1,'booking','2026-05-25 12:15:00+00','2026-05-25 12:15:00+00'),
  ('vis_qw_0248','biz_queenwest','cus_qw_0049','svc_qw_buzz','Buzz Cut',25,1,'booking','2026-05-26 13:45:00+00','2026-05-26 13:45:00+00'),
  ('vis_qw_0249','biz_queenwest','cus_qw_0049','svc_qw_buzz','Buzz Cut',25,1,'booking','2026-05-29 15:30:00+00','2026-05-29 15:30:00+00'),
  ('vis_qw_0250','biz_queenwest','cus_qw_0049','svc_qw_buzz','Buzz Cut',25,1,'booking','2026-05-30 13:45:00+00','2026-05-30 13:45:00+00'),
  ('vis_qw_0251','biz_queenwest','cus_qw_0049','svc_qw_buzz','Buzz Cut',25,1,'booking','2026-06-19 12:00:00+00','2026-06-19 12:00:00+00'),
  ('vis_qw_0252','biz_queenwest','cus_qw_0049','svc_qw_grey','Grey Blending',45,1,'booking','2026-06-21 18:15:00+00','2026-06-21 18:15:00+00'),
  ('vis_qw_0253','biz_queenwest','cus_qw_0050','svc_qw_cutbeard','Cut & Beard',50,1,'booking','2026-06-01 11:15:00+00','2026-06-01 11:15:00+00'),
  ('vis_qw_0254','biz_queenwest','cus_qw_0050','svc_qw_cutbeard','Cut & Beard',50,1,'booking','2026-06-05 17:30:00+00','2026-06-05 17:30:00+00'),
  ('vis_qw_0255','biz_queenwest','cus_qw_0051','svc_qw_shave','Hot Towel Shave',35,1,'booking','2026-06-07 14:45:00+00','2026-06-07 14:45:00+00'),
  ('vis_qw_0256','biz_queenwest','cus_qw_0051','svc_qw_shave','Hot Towel Shave',35,1,'booking','2026-06-13 17:15:00+00','2026-06-13 17:15:00+00'),
  ('vis_qw_0257','biz_queenwest','cus_qw_0052','svc_qw_beard','Beard Trim',20,1,'booking','2026-06-13 12:15:00+00','2026-06-13 12:15:00+00'),
  ('vis_qw_0258','biz_queenwest','cus_qw_0053','svc_qw_buzz','Buzz Cut',25,1,'booking','2026-06-13 13:15:00+00','2026-06-13 13:15:00+00'),
  ('vis_qw_0259','biz_queenwest','cus_qw_0053','svc_qw_fade','Skin Fade',40,1,'booking','2026-06-19 09:15:00+00','2026-06-19 09:15:00+00'),
  ('vis_qw_0260','biz_queenwest','cus_qw_0054','svc_qw_classic','Classic Cut',35,1,'booking','2026-06-09 14:15:00+00','2026-06-09 14:15:00+00'),
  ('vis_qw_0261','biz_queenwest','cus_qw_0054','svc_qw_shave','Hot Towel Shave',35,1,'booking','2026-06-16 13:45:00+00','2026-06-16 13:45:00+00'),
  ('vis_qw_0262','biz_queenwest','cus_qw_0055','svc_qw_fade','Skin Fade',40,1,'booking','2026-06-19 14:15:00+00','2026-06-19 14:15:00+00'),
  ('vis_qw_0263','biz_queenwest','cus_qw_0056','svc_qw_cutbeard','Cut & Beard',50,1,'booking','2026-06-13 10:45:00+00','2026-06-13 10:45:00+00'),
  ('vis_qw_0264','biz_queenwest','cus_qw_0056','svc_qw_shave','Hot Towel Shave',35,1,'booking','2026-06-14 14:15:00+00','2026-06-14 14:15:00+00'),
  ('vis_qw_0265','biz_queenwest','cus_qw_0057','svc_qw_buzz','Buzz Cut',25,1,'booking','2026-06-06 11:30:00+00','2026-06-06 11:30:00+00'),
  ('vis_qw_0266','biz_queenwest','cus_qw_0057','svc_qw_wash','Cut & Wash',40,1,'booking','2026-06-13 09:15:00+00','2026-06-13 09:15:00+00'),
  ('vis_qw_0267','biz_queenwest','cus_qw_0057','svc_qw_shave','Hot Towel Shave',35,1,'booking','2026-06-21 13:30:00+00','2026-06-21 13:30:00+00'),
  ('vis_qw_0268','biz_queenwest','cus_qw_0058','svc_qw_buzz','Buzz Cut',25,1,'booking','2026-06-21 17:00:00+00','2026-06-21 17:00:00+00'),
  ('vis_qw_0269','biz_queenwest','cus_qw_0059','svc_qw_wash','Cut & Wash',40,1,'booking','2026-06-17 14:45:00+00','2026-06-17 14:45:00+00'),
  ('vis_qw_0270','biz_queenwest','cus_qw_0061','svc_qw_wash','Cut & Wash',40,1,'booking','2026-06-19 14:30:00+00','2026-06-19 14:30:00+00'),
  ('vis_qw_0271','biz_queenwest','cus_qw_0061','svc_qw_kids','Kids Cut',25,1,'booking','2026-06-21 15:30:00+00','2026-06-21 15:30:00+00'),
  ('vis_qw_0272','biz_queenwest','cus_qw_0062','svc_qw_grey','Grey Blending',45,1,'booking','2026-06-13 11:45:00+00','2026-06-13 11:45:00+00'),
  ('vis_qw_0273','biz_queenwest','cus_qw_0062','svc_qw_classic','Classic Cut',35,1,'booking','2026-06-21 16:45:00+00','2026-06-21 16:45:00+00'),
  ('vis_qw_0274','biz_queenwest','cus_qw_0064','svc_qw_kids','Kids Cut',25,1,'booking','2026-06-07 15:45:00+00','2026-06-07 15:45:00+00'),
  ('vis_qw_0275','biz_queenwest','cus_qw_0064','svc_qw_classic','Classic Cut',35,1,'booking','2026-06-11 10:45:00+00','2026-06-11 10:45:00+00'),
  ('vis_qw_0276','biz_queenwest','cus_qw_0064','svc_qw_fade','Skin Fade',40,1,'booking','2026-06-12 16:00:00+00','2026-06-12 16:00:00+00'),
  ('vis_qw_0277','biz_queenwest','cus_qw_0065','svc_qw_beard','Beard Trim',20,1,'booking','2026-06-07 16:00:00+00','2026-06-07 16:00:00+00'),
  ('vis_qw_0278','biz_queenwest','cus_qw_0066','svc_qw_classic','Classic Cut',35,1,'booking','2026-06-21 16:45:00+00','2026-06-21 16:45:00+00'),
  ('vis_qw_0279','biz_queenwest','cus_qw_0068','svc_qw_fade','Skin Fade',40,1,'booking','2026-06-12 09:45:00+00','2026-06-12 09:45:00+00'),
  ('vis_qw_0280','biz_queenwest','cus_qw_0068','svc_qw_cutbeard','Cut & Beard',50,1,'booking','2026-06-17 11:45:00+00','2026-06-17 11:45:00+00'),
  ('vis_qw_0281','biz_queenwest','cus_qw_0069','svc_qw_beard','Beard Trim',20,1,'booking','2026-06-21 16:15:00+00','2026-06-21 16:15:00+00'),
  ('vis_qw_0282','biz_queenwest','cus_qw_0071','svc_qw_shave','Hot Towel Shave',35,1,'booking','2026-06-15 11:00:00+00','2026-06-15 11:00:00+00'),
  ('vis_qw_0283','biz_queenwest','cus_qw_0071','svc_qw_grey','Grey Blending',45,1,'booking','2026-06-18 14:45:00+00','2026-06-18 14:45:00+00'),
  ('vis_qw_0284','biz_queenwest','cus_qw_0072','svc_qw_shave','Hot Towel Shave',35,1,'booking','2026-06-17 13:45:00+00','2026-06-17 13:45:00+00'),
  ('vis_qw_0285','biz_queenwest','cus_qw_0072','svc_qw_kids','Kids Cut',25,1,'booking','2026-06-21 12:30:00+00','2026-06-21 12:30:00+00'),
  ('vis_qw_0286','biz_queenwest','cus_qw_0073','svc_qw_shave','Hot Towel Shave',35,1,'booking','2026-06-06 13:15:00+00','2026-06-06 13:15:00+00'),
  ('vis_qw_0287','biz_queenwest','cus_qw_0073','svc_qw_buzz','Buzz Cut',25,1,'booking','2026-06-17 18:15:00+00','2026-06-17 18:15:00+00'),
  ('vis_qw_0288','biz_queenwest','cus_qw_0074','svc_qw_kids','Kids Cut',25,1,'booking','2026-06-14 16:00:00+00','2026-06-14 16:00:00+00'),
  ('vis_qw_0289','biz_queenwest','cus_qw_0075','svc_qw_fade','Skin Fade',40,1,'booking','2026-06-04 18:45:00+00','2026-06-04 18:45:00+00'),
  ('vis_qw_0290','biz_queenwest','cus_qw_0075','svc_qw_beard','Beard Trim',20,1,'booking','2026-06-12 10:45:00+00','2026-06-12 10:45:00+00'),
  ('vis_qw_0291','biz_queenwest','cus_qw_0076','svc_qw_fade','Skin Fade',40,1,'booking','2026-06-12 09:30:00+00','2026-06-12 09:30:00+00'),
  ('vis_qw_0292','biz_queenwest','cus_qw_0077','svc_qw_wash','Cut & Wash',40,1,'booking','2026-06-20 14:15:00+00','2026-06-20 14:15:00+00'),
  ('vis_qw_0293','biz_queenwest','cus_qw_0077','svc_qw_buzz','Buzz Cut',25,1,'booking','2026-06-21 11:45:00+00','2026-06-21 11:45:00+00'),
  ('vis_qw_0294','biz_queenwest','cus_qw_0078','svc_qw_wash','Cut & Wash',40,1,'booking','2026-06-13 15:30:00+00','2026-06-13 15:30:00+00'),
  ('vis_qw_0295','biz_queenwest','cus_qw_0078','svc_qw_classic','Classic Cut',35,1,'booking','2026-06-18 14:30:00+00','2026-06-18 14:30:00+00'),
  ('vis_qw_0296','biz_queenwest','cus_qw_0079','svc_qw_kids','Kids Cut',25,1,'booking','2026-06-10 09:45:00+00','2026-06-10 09:45:00+00'),
  ('vis_qw_0297','biz_queenwest','cus_qw_0080','svc_qw_kids','Kids Cut',25,1,'booking','2026-06-13 14:45:00+00','2026-06-13 14:45:00+00'),
  ('vis_qw_0298','biz_queenwest','cus_qw_0081','svc_qw_fade','Skin Fade',40,1,'booking','2026-06-18 18:00:00+00','2026-06-18 18:00:00+00'),
  ('vis_qw_0299','biz_queenwest','cus_qw_0081','svc_qw_buzz','Buzz Cut',25,1,'booking','2026-06-18 13:45:00+00','2026-06-18 13:45:00+00'),
  ('vis_qw_0300','biz_queenwest','cus_qw_0081','svc_qw_cutbeard','Cut & Beard',50,1,'booking','2026-06-21 14:30:00+00','2026-06-21 14:30:00+00'),
  ('vis_qw_0301','biz_queenwest','cus_qw_0082','svc_qw_classic','Classic Cut',35,1,'booking','2026-06-19 17:45:00+00','2026-06-19 17:45:00+00'),
  ('vis_qw_0302','biz_queenwest','cus_qw_0082','svc_qw_beard','Beard Trim',20,1,'booking','2026-06-21 18:15:00+00','2026-06-21 18:15:00+00'),
  ('vis_qw_0303','biz_queenwest','cus_qw_0083','svc_qw_lineup','Line-up',15,1,'booking','2026-06-08 17:45:00+00','2026-06-08 17:45:00+00'),
  ('vis_qw_0304','biz_queenwest','cus_qw_0083','svc_qw_lineup','Line-up',15,1,'booking','2026-06-20 16:00:00+00','2026-06-20 16:00:00+00'),
  ('vis_qw_0305','biz_queenwest','cus_qw_0084','svc_qw_wash','Cut & Wash',40,1,'booking','2026-06-16 17:45:00+00','2026-06-16 17:45:00+00'),
  ('vis_qw_0306','biz_queenwest','cus_qw_0085','svc_qw_buzz','Buzz Cut',25,1,'booking','2026-06-20 16:15:00+00','2026-06-20 16:15:00+00'),
  ('vis_qw_0307','biz_queenwest','cus_qw_0088','svc_qw_lineup','Line-up',15,1,'booking','2026-06-17 11:15:00+00','2026-06-17 11:15:00+00'),
  ('vis_qw_0308','biz_queenwest','cus_qw_0089','svc_qw_beard','Beard Trim',20,1,'booking','2026-06-21 16:30:00+00','2026-06-21 16:30:00+00'),
  ('vis_qw_0309','biz_queenwest','cus_qw_0092','svc_qw_cutbeard','Cut & Beard',50,1,'booking','2026-06-20 13:30:00+00','2026-06-20 13:30:00+00'),
  ('vis_qw_0310','biz_queenwest','cus_qw_0093','svc_qw_beard','Beard Trim',20,1,'booking','2026-06-13 14:15:00+00','2026-06-13 14:15:00+00'),
  ('vis_qw_0311','biz_queenwest','cus_qw_0093','svc_qw_shave','Hot Towel Shave',35,1,'booking','2026-06-13 09:15:00+00','2026-06-13 09:15:00+00'),
  ('vis_qw_0312','biz_queenwest','cus_qw_0094','svc_qw_cutbeard','Cut & Beard',50,1,'booking','2026-06-21 12:30:00+00','2026-06-21 12:30:00+00'),
  ('vis_qw_0313','biz_queenwest','cus_qw_0095','svc_qw_classic','Classic Cut',35,1,'booking','2026-06-20 16:00:00+00','2026-06-20 16:00:00+00'),
  ('vis_qw_0314','biz_queenwest','cus_qw_0096','svc_qw_grey','Grey Blending',45,1,'booking','2026-06-12 09:00:00+00','2026-06-12 09:00:00+00'),
  ('vis_qw_0315','biz_queenwest','cus_qw_0096','svc_qw_classic','Classic Cut',35,1,'booking','2026-06-21 12:30:00+00','2026-06-21 12:30:00+00'),
  ('vis_qw_0316','biz_queenwest','cus_qw_0097','svc_qw_lineup','Line-up',15,1,'booking','2026-06-13 09:00:00+00','2026-06-13 09:00:00+00'),
  ('vis_qw_0317','biz_queenwest','cus_qw_0098','svc_qw_buzz','Buzz Cut',25,1,'booking','2026-06-20 14:45:00+00','2026-06-20 14:45:00+00'),
  ('vis_qw_0318','biz_queenwest','cus_qw_0098','svc_qw_classic','Classic Cut',35,1,'booking','2026-06-21 17:30:00+00','2026-06-21 17:30:00+00'),
  ('vis_qw_0319','biz_queenwest','cus_qw_0099','svc_qw_classic','Classic Cut',35,1,'booking','2026-06-21 14:30:00+00','2026-06-21 14:30:00+00'),
  ('vis_qw_0320','biz_queenwest','cus_qw_0100','svc_qw_lineup','Line-up',15,1,'booking','2026-06-18 14:15:00+00','2026-06-18 14:15:00+00'),
  ('vis_qw_0321','biz_queenwest','cus_qw_0100','svc_qw_classic','Classic Cut',35,1,'booking','2026-06-18 13:15:00+00','2026-06-18 13:15:00+00'),
  ('vis_qw_0322','biz_queenwest','cus_qw_0100','svc_qw_cutbeard','Cut & Beard',50,1,'booking','2026-06-21 12:15:00+00','2026-06-21 12:15:00+00'),
  ('vis_qw_0323','biz_queenwest','cus_qw_0101','svc_qw_grey','Grey Blending',45,1,'booking','2026-06-17 14:45:00+00','2026-06-17 14:45:00+00'),
  ('vis_qw_0324','biz_queenwest','cus_qw_0101','svc_qw_kids','Kids Cut',25,1,'booking','2026-06-18 18:15:00+00','2026-06-18 18:15:00+00'),
  ('vis_qw_0325','biz_queenwest','cus_qw_0102','svc_qw_grey','Grey Blending',45,1,'booking','2026-06-16 09:30:00+00','2026-06-16 09:30:00+00'),
  ('vis_qw_0326','biz_queenwest','cus_qw_0102','svc_qw_grey','Grey Blending',45,1,'booking','2026-06-20 11:00:00+00','2026-06-20 11:00:00+00'),
  ('vis_qw_0327','biz_queenwest','cus_qw_0103','svc_qw_shave','Hot Towel Shave',35,1,'booking','2026-06-05 10:45:00+00','2026-06-05 10:45:00+00'),
  ('vis_qw_0328','biz_queenwest','cus_qw_0104','svc_qw_beard','Beard Trim',20,1,'booking','2026-06-07 16:00:00+00','2026-06-07 16:00:00+00'),
  ('vis_qw_0329','biz_queenwest','cus_qw_0104','svc_qw_lineup','Line-up',15,1,'booking','2026-06-09 14:00:00+00','2026-06-09 14:00:00+00'),
  ('vis_qw_0330','biz_queenwest','cus_qw_0105','svc_qw_beard','Beard Trim',20,1,'booking','2026-06-10 09:30:00+00','2026-06-10 09:30:00+00'),
  ('vis_qw_0331','biz_queenwest','cus_qw_0106','svc_qw_buzz','Buzz Cut',25,1,'booking','2026-06-15 18:45:00+00','2026-06-15 18:45:00+00'),
  ('vis_qw_0332','biz_queenwest','cus_qw_0107','svc_qw_fade','Skin Fade',40,1,'booking','2026-06-17 12:30:00+00','2026-06-17 12:30:00+00'),
  ('vis_qw_0333','biz_queenwest','cus_qw_0110','svc_qw_buzz','Buzz Cut',25,1,'booking','2026-06-06 17:15:00+00','2026-06-06 17:15:00+00'),
  ('vis_qw_0334','biz_queenwest','cus_qw_0110','svc_qw_kids','Kids Cut',25,1,'booking','2026-06-18 13:30:00+00','2026-06-18 13:30:00+00'),
  ('vis_qw_0335','biz_queenwest','cus_qw_0111','svc_qw_buzz','Buzz Cut',25,1,'booking','2026-06-03 13:30:00+00','2026-06-03 13:30:00+00'),
  ('vis_qw_0336','biz_queenwest','cus_qw_0111','svc_qw_grey','Grey Blending',45,1,'booking','2026-06-04 16:15:00+00','2026-06-04 16:15:00+00'),
  ('vis_qw_0337','biz_queenwest','cus_qw_0112','svc_qw_grey','Grey Blending',45,1,'booking','2026-06-09 15:00:00+00','2026-06-09 15:00:00+00'),
  ('vis_qw_0338','biz_queenwest','cus_qw_0112','svc_qw_lineup','Line-up',15,1,'booking','2026-06-11 17:45:00+00','2026-06-11 17:45:00+00'),
  ('vis_qw_0339','biz_queenwest','cus_qw_0113','svc_qw_fade','Skin Fade',40,1,'booking','2026-06-19 09:45:00+00','2026-06-19 09:45:00+00'),
  ('vis_qw_0340','biz_queenwest','cus_qw_0113','svc_qw_kids','Kids Cut',25,1,'booking','2026-06-21 16:15:00+00','2026-06-21 16:15:00+00'),
  ('vis_qw_0341','biz_queenwest','cus_qw_0114','svc_qw_cutbeard','Cut & Beard',50,1,'booking','2026-06-10 14:30:00+00','2026-06-10 14:30:00+00'),
  ('vis_qw_0342','biz_queenwest','cus_qw_0114','svc_qw_cutbeard','Cut & Beard',50,1,'booking','2026-06-15 11:30:00+00','2026-06-15 11:30:00+00'),
  ('vis_qw_0343','biz_queenwest','cus_qw_0114','svc_qw_buzz','Buzz Cut',25,1,'booking','2026-06-17 18:30:00+00','2026-06-17 18:30:00+00'),
  ('vis_qw_0344','biz_queenwest','cus_qw_0115','svc_qw_shave','Hot Towel Shave',35,1,'booking','2026-06-09 13:45:00+00','2026-06-09 13:45:00+00'),
  ('vis_qw_0345','biz_queenwest','cus_qw_0116','svc_qw_kids','Kids Cut',25,1,'booking','2026-06-19 18:30:00+00','2026-06-19 18:30:00+00'),
  ('vis_qw_0346','biz_queenwest','cus_qw_0116','svc_qw_classic','Classic Cut',35,1,'booking','2026-06-20 13:00:00+00','2026-06-20 13:00:00+00'),
  ('vis_qw_0347','biz_queenwest','cus_qw_0116','svc_qw_buzz','Buzz Cut',25,1,'booking','2026-06-21 11:15:00+00','2026-06-21 11:15:00+00'),
  ('vis_qw_0348','biz_queenwest','cus_qw_0117','svc_qw_cutbeard','Cut & Beard',50,1,'booking','2026-06-11 18:15:00+00','2026-06-11 18:15:00+00'),
  ('vis_qw_0349','biz_queenwest','cus_qw_0117','svc_qw_beard','Beard Trim',20,1,'booking','2026-06-20 13:00:00+00','2026-06-20 13:00:00+00'),
  ('vis_qw_0350','biz_queenwest','cus_qw_0118','svc_qw_grey','Grey Blending',45,1,'booking','2026-06-19 14:45:00+00','2026-06-19 14:45:00+00'),
  ('vis_qw_0351','biz_queenwest','cus_qw_0118','svc_qw_cutbeard','Cut & Beard',50,1,'booking','2026-06-20 13:15:00+00','2026-06-20 13:15:00+00'),
  ('vis_qw_0352','biz_queenwest','cus_qw_0120','svc_qw_kids','Kids Cut',25,1,'booking','2026-06-07 13:15:00+00','2026-06-07 13:15:00+00'),
  ('vis_qw_0353','biz_queenwest','cus_qw_0120','svc_qw_shave','Hot Towel Shave',35,1,'booking','2026-06-12 17:00:00+00','2026-06-12 17:00:00+00'),
  ('vis_qw_0354','biz_queenwest','cus_qw_0122','svc_qw_wash','Cut & Wash',40,1,'booking','2026-06-13 10:00:00+00','2026-06-13 10:00:00+00')
on conflict (id) do nothing;

insert into messages (id, business_id, customer_id, message_type, body, status, sent_at) values
  ('msg_qw_0001','biz_queenwest',null,'campaign','Automated campaign message','sent','2026-04-08 09:00:00+00'),
  ('msg_qw_0002','biz_queenwest',null,'campaign','Automated campaign message','sent','2026-04-24 18:00:00+00'),
  ('msg_qw_0003','biz_queenwest',null,'welcome','Automated welcome message','sent','2026-04-29 14:00:00+00'),
  ('msg_qw_0004','biz_queenwest',null,'welcome','Automated welcome message','sent','2026-04-03 18:00:00+00'),
  ('msg_qw_0005','biz_queenwest',null,'reminder','Automated reminder message','sent','2026-04-28 11:00:00+00'),
  ('msg_qw_0006','biz_queenwest',null,'welcome','Automated welcome message','sent','2026-04-16 17:00:00+00'),
  ('msg_qw_0007','biz_queenwest',null,'reward_ready','Automated reward ready message','sent','2026-04-17 09:00:00+00'),
  ('msg_qw_0008','biz_queenwest',null,'reward_ready','Automated reward ready message','sent','2026-04-25 09:00:00+00'),
  ('msg_qw_0009','biz_queenwest',null,'welcome','Automated welcome message','sent','2026-04-17 18:00:00+00'),
  ('msg_qw_0010','biz_queenwest',null,'reward_ready','Automated reward ready message','sent','2026-04-28 18:00:00+00'),
  ('msg_qw_0011','biz_queenwest',null,'reminder','Automated reminder message','sent','2026-04-22 15:00:00+00'),
  ('msg_qw_0012','biz_queenwest',null,'welcome','Automated welcome message','sent','2026-04-11 16:00:00+00'),
  ('msg_qw_0013','biz_queenwest',null,'welcome','Automated welcome message','sent','2026-04-25 14:00:00+00'),
  ('msg_qw_0014','biz_queenwest',null,'welcome','Automated welcome message','sent','2026-04-25 12:00:00+00'),
  ('msg_qw_0015','biz_queenwest',null,'welcome','Automated welcome message','sent','2026-05-02 18:00:00+00'),
  ('msg_qw_0016','biz_queenwest',null,'welcome','Automated welcome message','sent','2026-05-03 13:00:00+00'),
  ('msg_qw_0017','biz_queenwest',null,'reward_ready','Automated reward ready message','sent','2026-05-08 14:00:00+00'),
  ('msg_qw_0018','biz_queenwest',null,'reminder','Automated reminder message','sent','2026-05-31 13:00:00+00'),
  ('msg_qw_0019','biz_queenwest',null,'welcome','Automated welcome message','sent','2026-05-14 16:00:00+00'),
  ('msg_qw_0020','biz_queenwest',null,'reward_ready','Automated reward ready message','sent','2026-05-07 15:00:00+00'),
  ('msg_qw_0021','biz_queenwest',null,'campaign','Automated campaign message','sent','2026-05-20 17:00:00+00'),
  ('msg_qw_0022','biz_queenwest',null,'campaign','Automated campaign message','sent','2026-05-07 16:00:00+00'),
  ('msg_qw_0023','biz_queenwest',null,'reminder','Automated reminder message','sent','2026-05-14 10:00:00+00'),
  ('msg_qw_0024','biz_queenwest',null,'reward_ready','Automated reward ready message','sent','2026-05-28 13:00:00+00'),
  ('msg_qw_0025','biz_queenwest',null,'welcome','Automated welcome message','sent','2026-05-31 09:00:00+00'),
  ('msg_qw_0026','biz_queenwest',null,'reward_ready','Automated reward ready message','sent','2026-05-15 19:00:00+00'),
  ('msg_qw_0027','biz_queenwest',null,'welcome','Automated welcome message','sent','2026-05-14 14:00:00+00'),
  ('msg_qw_0028','biz_queenwest',null,'reminder','Automated reminder message','sent','2026-05-06 15:00:00+00'),
  ('msg_qw_0029','biz_queenwest',null,'welcome','Automated welcome message','sent','2026-05-02 14:00:00+00'),
  ('msg_qw_0030','biz_queenwest',null,'welcome','Automated welcome message','sent','2026-05-14 15:00:00+00'),
  ('msg_qw_0031','biz_queenwest',null,'reminder','Automated reminder message','sent','2026-05-18 15:00:00+00'),
  ('msg_qw_0032','biz_queenwest',null,'reward_ready','Automated reward ready message','sent','2026-05-27 16:00:00+00'),
  ('msg_qw_0033','biz_queenwest',null,'welcome','Automated welcome message','sent','2026-05-02 18:00:00+00'),
  ('msg_qw_0034','biz_queenwest',null,'reward_ready','Automated reward ready message','sent','2026-05-18 12:00:00+00'),
  ('msg_qw_0035','biz_queenwest',null,'welcome','Automated welcome message','sent','2026-05-04 19:00:00+00'),
  ('msg_qw_0036','biz_queenwest',null,'reward_ready','Automated reward ready message','sent','2026-05-29 16:00:00+00'),
  ('msg_qw_0037','biz_queenwest',null,'welcome','Automated welcome message','sent','2026-05-03 17:00:00+00'),
  ('msg_qw_0038','biz_queenwest',null,'reward_ready','Automated reward ready message','sent','2026-05-31 12:00:00+00'),
  ('msg_qw_0039','biz_queenwest',null,'reward_ready','Automated reward ready message','sent','2026-05-11 15:00:00+00'),
  ('msg_qw_0040','biz_queenwest',null,'campaign','Automated campaign message','sent','2026-05-14 12:00:00+00'),
  ('msg_qw_0041','biz_queenwest',null,'welcome','Automated welcome message','sent','2026-05-15 16:00:00+00'),
  ('msg_qw_0042','biz_queenwest',null,'campaign','Automated campaign message','sent','2026-05-28 15:00:00+00'),
  ('msg_qw_0043','biz_queenwest',null,'campaign','Automated campaign message','sent','2026-05-15 12:00:00+00'),
  ('msg_qw_0044','biz_queenwest',null,'welcome','Automated welcome message','sent','2026-05-03 16:00:00+00'),
  ('msg_qw_0045','biz_queenwest',null,'campaign','Automated campaign message','sent','2026-05-29 15:00:00+00'),
  ('msg_qw_0046','biz_queenwest',null,'reminder','Automated reminder message','sent','2026-05-03 19:00:00+00'),
  ('msg_qw_0047','biz_queenwest',null,'reward_ready','Automated reward ready message','sent','2026-05-14 19:00:00+00'),
  ('msg_qw_0048','biz_queenwest',null,'campaign','Automated campaign message','sent','2026-05-31 15:00:00+00'),
  ('msg_qw_0049','biz_queenwest',null,'reward_ready','Automated reward ready message','sent','2026-05-29 16:00:00+00'),
  ('msg_qw_0050','biz_queenwest',null,'reward_ready','Automated reward ready message','sent','2026-05-24 17:00:00+00'),
  ('msg_qw_0051','biz_queenwest',null,'reward_ready','Automated reward ready message','sent','2026-05-31 11:00:00+00'),
  ('msg_qw_0052','biz_queenwest',null,'welcome','Automated welcome message','sent','2026-05-04 12:00:00+00'),
  ('msg_qw_0053','biz_queenwest',null,'campaign','Automated campaign message','sent','2026-05-20 19:00:00+00'),
  ('msg_qw_0054','biz_queenwest',null,'welcome','Automated welcome message','sent','2026-05-21 16:00:00+00'),
  ('msg_qw_0055','biz_queenwest',null,'welcome','Automated welcome message','sent','2026-05-24 10:00:00+00'),
  ('msg_qw_0056','biz_queenwest',null,'reminder','Automated reminder message','sent','2026-05-26 19:00:00+00'),
  ('msg_qw_0057','biz_queenwest',null,'reward_ready','Automated reward ready message','sent','2026-05-05 10:00:00+00'),
  ('msg_qw_0058','biz_queenwest',null,'reminder','Automated reminder message','sent','2026-05-23 12:00:00+00'),
  ('msg_qw_0059','biz_queenwest',null,'reward_ready','Automated reward ready message','sent','2026-05-25 18:00:00+00'),
  ('msg_qw_0060','biz_queenwest',null,'campaign','Automated campaign message','sent','2026-05-25 10:00:00+00'),
  ('msg_qw_0061','biz_queenwest',null,'reminder','Automated reminder message','sent','2026-05-04 18:00:00+00'),
  ('msg_qw_0062','biz_queenwest',null,'reminder','Automated reminder message','sent','2026-05-17 16:00:00+00'),
  ('msg_qw_0063','biz_queenwest',null,'reward_ready','Automated reward ready message','sent','2026-06-09 16:00:00+00'),
  ('msg_qw_0064','biz_queenwest',null,'reward_ready','Automated reward ready message','sent','2026-06-21 11:00:00+00'),
  ('msg_qw_0065','biz_queenwest',null,'reminder','Automated reminder message','sent','2026-06-17 11:00:00+00'),
  ('msg_qw_0066','biz_queenwest',null,'campaign','Automated campaign message','sent','2026-06-03 13:00:00+00'),
  ('msg_qw_0067','biz_queenwest',null,'campaign','Automated campaign message','sent','2026-06-04 13:00:00+00'),
  ('msg_qw_0068','biz_queenwest',null,'reward_ready','Automated reward ready message','sent','2026-06-01 15:00:00+00'),
  ('msg_qw_0069','biz_queenwest',null,'reminder','Automated reminder message','sent','2026-06-17 09:00:00+00'),
  ('msg_qw_0070','biz_queenwest',null,'welcome','Automated welcome message','sent','2026-06-12 10:00:00+00'),
  ('msg_qw_0071','biz_queenwest',null,'welcome','Automated welcome message','sent','2026-06-04 09:00:00+00'),
  ('msg_qw_0072','biz_queenwest',null,'reward_ready','Automated reward ready message','sent','2026-06-09 11:00:00+00'),
  ('msg_qw_0073','biz_queenwest',null,'reminder','Automated reminder message','sent','2026-06-14 19:00:00+00'),
  ('msg_qw_0074','biz_queenwest',null,'reminder','Automated reminder message','sent','2026-06-04 19:00:00+00'),
  ('msg_qw_0075','biz_queenwest',null,'reminder','Automated reminder message','sent','2026-06-07 15:00:00+00'),
  ('msg_qw_0076','biz_queenwest',null,'campaign','Automated campaign message','sent','2026-06-13 16:00:00+00'),
  ('msg_qw_0077','biz_queenwest',null,'welcome','Automated welcome message','sent','2026-06-01 10:00:00+00'),
  ('msg_qw_0078','biz_queenwest',null,'reward_ready','Automated reward ready message','sent','2026-06-01 19:00:00+00'),
  ('msg_qw_0079','biz_queenwest',null,'reward_ready','Automated reward ready message','sent','2026-06-08 15:00:00+00'),
  ('msg_qw_0080','biz_queenwest',null,'campaign','Automated campaign message','sent','2026-06-07 12:00:00+00'),
  ('msg_qw_0081','biz_queenwest',null,'reward_ready','Automated reward ready message','sent','2026-06-04 10:00:00+00'),
  ('msg_qw_0082','biz_queenwest',null,'campaign','Automated campaign message','sent','2026-06-19 10:00:00+00'),
  ('msg_qw_0083','biz_queenwest',null,'reminder','Automated reminder message','sent','2026-06-16 10:00:00+00'),
  ('msg_qw_0084','biz_queenwest',null,'welcome','Automated welcome message','sent','2026-06-05 13:00:00+00'),
  ('msg_qw_0085','biz_queenwest',null,'reminder','Automated reminder message','sent','2026-06-03 16:00:00+00'),
  ('msg_qw_0086','biz_queenwest',null,'campaign','Automated campaign message','sent','2026-06-17 10:00:00+00'),
  ('msg_qw_0087','biz_queenwest',null,'reminder','Automated reminder message','sent','2026-06-03 12:00:00+00'),
  ('msg_qw_0088','biz_queenwest',null,'welcome','Automated welcome message','sent','2026-06-02 18:00:00+00'),
  ('msg_qw_0089','biz_queenwest',null,'reward_ready','Automated reward ready message','sent','2026-06-05 13:00:00+00'),
  ('msg_qw_0090','biz_queenwest',null,'welcome','Automated welcome message','sent','2026-06-17 15:00:00+00'),
  ('msg_qw_0091','biz_queenwest',null,'reminder','Automated reminder message','sent','2026-06-14 18:00:00+00'),
  ('msg_qw_0092','biz_queenwest',null,'welcome','Automated welcome message','sent','2026-06-09 10:00:00+00'),
  ('msg_qw_0093','biz_queenwest',null,'welcome','Automated welcome message','sent','2026-06-07 18:00:00+00'),
  ('msg_qw_0094','biz_queenwest',null,'welcome','Automated welcome message','sent','2026-06-08 11:00:00+00'),
  ('msg_qw_0095','biz_queenwest',null,'reward_ready','Automated reward ready message','sent','2026-06-08 14:00:00+00'),
  ('msg_qw_0096','biz_queenwest',null,'reward_ready','Automated reward ready message','sent','2026-06-20 11:00:00+00'),
  ('msg_qw_0097','biz_queenwest',null,'reminder','Automated reminder message','sent','2026-06-18 13:00:00+00'),
  ('msg_qw_0098','biz_queenwest',null,'welcome','Automated welcome message','sent','2026-06-16 19:00:00+00'),
  ('msg_qw_0099','biz_queenwest',null,'campaign','Automated campaign message','sent','2026-06-07 13:00:00+00'),
  ('msg_qw_0100','biz_queenwest',null,'campaign','Automated campaign message','sent','2026-06-09 19:00:00+00'),
  ('msg_qw_0101','biz_queenwest',null,'welcome','Automated welcome message','sent','2026-06-11 09:00:00+00'),
  ('msg_qw_0102','biz_queenwest',null,'campaign','Automated campaign message','sent','2026-06-20 18:00:00+00'),
  ('msg_qw_0103','biz_queenwest',null,'welcome','Automated welcome message','sent','2026-06-17 13:00:00+00'),
  ('msg_qw_0104','biz_queenwest',null,'reminder','Automated reminder message','sent','2026-06-15 10:00:00+00'),
  ('msg_qw_0105','biz_queenwest',null,'reward_ready','Automated reward ready message','sent','2026-06-12 17:00:00+00'),
  ('msg_qw_0106','biz_queenwest',null,'reward_ready','Automated reward ready message','sent','2026-06-13 16:00:00+00'),
  ('msg_qw_0107','biz_queenwest',null,'campaign','Automated campaign message','sent','2026-06-18 09:00:00+00'),
  ('msg_qw_0108','biz_queenwest',null,'welcome','Automated welcome message','sent','2026-06-05 10:00:00+00'),
  ('msg_qw_0109','biz_queenwest',null,'reward_ready','Automated reward ready message','sent','2026-06-20 17:00:00+00'),
  ('msg_qw_0110','biz_queenwest',null,'welcome','Automated welcome message','sent','2026-06-07 09:00:00+00'),
  ('msg_qw_0111','biz_queenwest',null,'welcome','Automated welcome message','sent','2026-06-19 16:00:00+00'),
  ('msg_qw_0112','biz_queenwest',null,'campaign','Automated campaign message','sent','2026-06-21 09:00:00+00'),
  ('msg_qw_0113','biz_queenwest',null,'welcome','Automated welcome message','sent','2026-06-17 09:00:00+00'),
  ('msg_qw_0114','biz_queenwest',null,'reminder','Automated reminder message','sent','2026-06-06 13:00:00+00'),
  ('msg_qw_0115','biz_queenwest',null,'welcome','Automated welcome message','sent','2026-06-14 12:00:00+00'),
  ('msg_qw_0116','biz_queenwest',null,'campaign','Automated campaign message','sent','2026-06-11 09:00:00+00'),
  ('msg_qw_0117','biz_queenwest',null,'reward_ready','Automated reward ready message','sent','2026-06-04 15:00:00+00'),
  ('msg_qw_0118','biz_queenwest',null,'reward_ready','Automated reward ready message','sent','2026-06-17 10:00:00+00'),
  ('msg_qw_0119','biz_queenwest',null,'reward_ready','Automated reward ready message','sent','2026-06-09 11:00:00+00'),
  ('msg_qw_0120','biz_queenwest',null,'reward_ready','Automated reward ready message','sent','2026-06-17 13:00:00+00'),
  ('msg_qw_0121','biz_queenwest',null,'campaign','Automated campaign message','sent','2026-06-08 09:00:00+00'),
  ('msg_qw_0122','biz_queenwest',null,'reward_ready','Automated reward ready message','sent','2026-06-20 13:00:00+00'),
  ('msg_qw_0123','biz_queenwest',null,'welcome','Automated welcome message','sent','2026-06-08 17:00:00+00'),
  ('msg_qw_0124','biz_queenwest',null,'reward_ready','Automated reward ready message','sent','2026-06-15 12:00:00+00'),
  ('msg_qw_0125','biz_queenwest',null,'welcome','Automated welcome message','sent','2026-06-01 16:00:00+00'),
  ('msg_qw_0126','biz_queenwest',null,'reward_ready','Automated reward ready message','sent','2026-06-21 12:00:00+00'),
  ('msg_qw_0127','biz_queenwest',null,'welcome','Automated welcome message','sent','2026-06-03 17:00:00+00'),
  ('msg_qw_0128','biz_queenwest',null,'welcome','Automated welcome message','sent','2026-06-07 16:00:00+00'),
  ('msg_qw_0129','biz_queenwest',null,'welcome','Automated welcome message','sent','2026-06-21 14:00:00+00'),
  ('msg_qw_0130','biz_queenwest',null,'reminder','Automated reminder message','sent','2026-06-08 15:00:00+00'),
  ('msg_qw_0131','biz_queenwest',null,'reminder','Automated reminder message','sent','2026-06-02 11:00:00+00'),
  ('msg_qw_0132','biz_queenwest',null,'welcome','Automated welcome message','sent','2026-06-13 09:00:00+00'),
  ('msg_qw_0133','biz_queenwest',null,'welcome','Automated welcome message','sent','2026-06-17 19:00:00+00'),
  ('msg_qw_0134','biz_queenwest',null,'campaign','Automated campaign message','sent','2026-06-10 18:00:00+00'),
  ('msg_qw_0135','biz_queenwest',null,'campaign','Automated campaign message','sent','2026-06-18 16:00:00+00'),
  ('msg_qw_0136','biz_queenwest',null,'reminder','Automated reminder message','sent','2026-06-19 13:00:00+00'),
  ('msg_qw_0137','biz_queenwest',null,'reward_ready','Automated reward ready message','sent','2026-06-13 16:00:00+00'),
  ('msg_qw_0138','biz_queenwest',null,'reminder','Automated reminder message','sent','2026-06-08 10:00:00+00'),
  ('msg_qw_0139','biz_queenwest',null,'reward_ready','Automated reward ready message','sent','2026-06-19 19:00:00+00'),
  ('msg_qw_0140','biz_queenwest',null,'reward_ready','Automated reward ready message','sent','2026-06-08 17:00:00+00'),
  ('msg_qw_0141','biz_queenwest',null,'reminder','Automated reminder message','sent','2026-06-20 19:00:00+00'),
  ('msg_qw_0142','biz_queenwest',null,'campaign','Automated campaign message','sent','2026-06-17 17:00:00+00'),
  ('msg_qw_0143','biz_queenwest',null,'reward_ready','Automated reward ready message','sent','2026-06-16 15:00:00+00'),
  ('msg_qw_0144','biz_queenwest',null,'welcome','Automated welcome message','sent','2026-06-11 18:00:00+00'),
  ('msg_qw_0145','biz_queenwest',null,'campaign','Automated campaign message','sent','2026-06-10 16:00:00+00'),
  ('msg_qw_0146','biz_queenwest',null,'reminder','Automated reminder message','sent','2026-06-19 13:00:00+00'),
  ('msg_qw_0147','biz_queenwest',null,'reminder','Automated reminder message','sent','2026-06-16 14:00:00+00'),
  ('msg_qw_0148','biz_queenwest',null,'reward_ready','Automated reward ready message','sent','2026-06-05 14:00:00+00'),
  ('msg_qw_0149','biz_queenwest',null,'reminder','Automated reminder message','sent','2026-06-11 16:00:00+00'),
  ('msg_qw_0150','biz_queenwest',null,'campaign','Automated campaign message','sent','2026-06-04 13:00:00+00'),
  ('msg_qw_0151','biz_queenwest',null,'welcome','Automated welcome message','sent','2026-06-18 10:00:00+00'),
  ('msg_qw_0152','biz_queenwest',null,'campaign','Automated campaign message','sent','2026-06-01 18:00:00+00'),
  ('msg_qw_0153','biz_queenwest',null,'campaign','Automated campaign message','sent','2026-06-17 14:00:00+00'),
  ('msg_qw_0154','biz_queenwest',null,'reward_ready','Automated reward ready message','sent','2026-06-11 13:00:00+00'),
  ('msg_qw_0155','biz_queenwest',null,'campaign','Automated campaign message','sent','2026-06-09 11:00:00+00'),
  ('msg_qw_0156','biz_queenwest',null,'welcome','Automated welcome message','sent','2026-06-08 19:00:00+00'),
  ('msg_qw_0157','biz_queenwest',null,'reminder','Automated reminder message','sent','2026-06-03 12:00:00+00'),
  ('msg_qw_0158','biz_queenwest',null,'reward_ready','Automated reward ready message','sent','2026-06-18 09:00:00+00'),
  ('msg_qw_0159','biz_queenwest',null,'reward_ready','Automated reward ready message','sent','2026-06-13 11:00:00+00'),
  ('msg_qw_0160','biz_queenwest',null,'reward_ready','Automated reward ready message','sent','2026-06-11 14:00:00+00'),
  ('msg_qw_0161','biz_queenwest',null,'campaign','Automated campaign message','sent','2026-06-15 12:00:00+00'),
  ('msg_qw_0162','biz_queenwest',null,'reminder','Automated reminder message','sent','2026-06-15 17:00:00+00'),
  ('msg_qw_0163','biz_queenwest',null,'reward_ready','Automated reward ready message','sent','2026-06-18 14:00:00+00'),
  ('msg_qw_0164','biz_queenwest',null,'campaign','Automated campaign message','sent','2026-06-09 10:00:00+00'),
  ('msg_qw_0165','biz_queenwest',null,'reminder','Automated reminder message','sent','2026-06-21 11:00:00+00'),
  ('msg_qw_0166','biz_queenwest',null,'reminder','Automated reminder message','sent','2026-06-20 13:00:00+00'),
  ('msg_qw_0167','biz_queenwest',null,'welcome','Automated welcome message','sent','2026-06-11 14:00:00+00'),
  ('msg_qw_0168','biz_queenwest',null,'reward_ready','Automated reward ready message','sent','2026-06-05 12:00:00+00'),
  ('msg_qw_0169','biz_queenwest',null,'reward_ready','Automated reward ready message','sent','2026-06-02 13:00:00+00'),
  ('msg_qw_0170','biz_queenwest',null,'welcome','Automated welcome message','sent','2026-06-13 17:00:00+00'),
  ('msg_qw_0171','biz_queenwest',null,'reward_ready','Automated reward ready message','sent','2026-06-17 16:00:00+00'),
  ('msg_qw_0172','biz_queenwest',null,'welcome','Automated welcome message','sent','2026-06-09 10:00:00+00'),
  ('msg_qw_0173','biz_queenwest',null,'reward_ready','Automated reward ready message','sent','2026-06-09 12:00:00+00'),
  ('msg_qw_0174','biz_queenwest',null,'welcome','Automated welcome message','sent','2026-06-15 15:00:00+00'),
  ('msg_qw_0175','biz_queenwest',null,'welcome','Automated welcome message','sent','2026-06-10 19:00:00+00'),
  ('msg_qw_0176','biz_queenwest',null,'campaign','Automated campaign message','sent','2026-06-17 16:00:00+00'),
  ('msg_qw_0177','biz_queenwest',null,'reminder','Automated reminder message','sent','2026-06-06 17:00:00+00'),
  ('msg_qw_0178','biz_queenwest',null,'reminder','Automated reminder message','sent','2026-06-04 18:00:00+00'),
  ('msg_qw_0179','biz_queenwest',null,'campaign','Automated campaign message','sent','2026-06-12 18:00:00+00'),
  ('msg_qw_0180','biz_queenwest',null,'welcome','Automated welcome message','sent','2026-06-18 15:00:00+00'),
  ('msg_qw_0181','biz_queenwest',null,'welcome','Automated welcome message','sent','2026-06-04 17:00:00+00'),
  ('msg_qw_0182','biz_queenwest',null,'reward_ready','Automated reward ready message','sent','2026-06-15 15:00:00+00'),
  ('msg_qw_0183','biz_queenwest',null,'welcome','Automated welcome message','sent','2026-06-04 16:00:00+00'),
  ('msg_qw_0184','biz_queenwest',null,'reward_ready','Automated reward ready message','sent','2026-06-12 15:00:00+00'),
  ('msg_qw_0185','biz_queenwest',null,'campaign','Automated campaign message','sent','2026-06-08 19:00:00+00'),
  ('msg_qw_0186','biz_queenwest',null,'reward_ready','Automated reward ready message','sent','2026-06-12 10:00:00+00'),
  ('msg_qw_0187','biz_queenwest',null,'reminder','Automated reminder message','sent','2026-06-08 14:00:00+00'),
  ('msg_qw_0188','biz_queenwest',null,'campaign','Automated campaign message','sent','2026-06-21 19:00:00+00'),
  ('msg_qw_0189','biz_queenwest',null,'reward_ready','Automated reward ready message','sent','2026-06-17 18:00:00+00'),
  ('msg_qw_0190','biz_queenwest',null,'reminder','Automated reminder message','sent','2026-06-11 12:00:00+00'),
  ('msg_qw_0191','biz_queenwest',null,'reward_ready','Automated reward ready message','sent','2026-06-09 18:00:00+00'),
  ('msg_qw_0192','biz_queenwest',null,'reminder','Automated reminder message','sent','2026-06-04 09:00:00+00'),
  ('msg_qw_0193','biz_queenwest',null,'reminder','Automated reminder message','sent','2026-06-07 14:00:00+00'),
  ('msg_qw_0194','biz_queenwest',null,'welcome','Automated welcome message','sent','2026-06-16 17:00:00+00'),
  ('msg_qw_0195','biz_queenwest',null,'reward_ready','Automated reward ready message','sent','2026-06-06 16:00:00+00'),
  ('msg_qw_0196','biz_queenwest',null,'campaign','Automated campaign message','sent','2026-06-18 19:00:00+00'),
  ('msg_qw_0197','biz_queenwest',null,'reward_ready','Automated reward ready message','sent','2026-06-14 12:00:00+00'),
  ('msg_qw_0198','biz_queenwest',null,'reminder','Automated reminder message','sent','2026-06-04 16:00:00+00'),
  ('msg_qw_0199','biz_queenwest',null,'reward_ready','Automated reward ready message','sent','2026-06-03 09:00:00+00'),
  ('msg_qw_0200','biz_queenwest',null,'reminder','Automated reminder message','sent','2026-06-21 15:00:00+00')
on conflict (id) do nothing;

insert into referrals (id, business_id, referrer_customer_id, referred_customer_id, referral_code, status) values
  ('ref_qw_001','biz_queenwest','cus_qw_0026','cus_qw_0104','AISHA2','completed'),
  ('ref_qw_002','biz_queenwest','cus_qw_0032','cus_qw_0120','WEI','completed'),
  ('ref_qw_003','biz_queenwest','cus_qw_0022','cus_qw_0054','MAYA2','completed'),
  ('ref_qw_004','biz_queenwest','cus_qw_0040','cus_qw_0058','DEVON1','completed'),
  ('ref_qw_005','biz_queenwest','cus_qw_0030','cus_qw_0100','AIDEN1','completed'),
  ('ref_qw_006','biz_queenwest','cus_qw_0040','cus_qw_0067','DEVON1','completed'),
  ('ref_qw_007','biz_queenwest','cus_qw_0034','cus_qw_0073','AISHA3','completed'),
  ('ref_qw_008','biz_queenwest','cus_qw_0001','cus_qw_0068','PRIYA','completed'),
  ('ref_qw_009','biz_queenwest','cus_qw_0040','cus_qw_0078','DEVON1','completed'),
  ('ref_qw_010','biz_queenwest','cus_qw_0013','cus_qw_0070','MASON','completed'),
  ('ref_qw_011','biz_queenwest','cus_qw_0050','cus_qw_0109','LEAH','completed'),
  ('ref_qw_012','biz_queenwest','cus_qw_0047','cus_qw_0117','NATHA','completed'),
  ('ref_qw_013','biz_queenwest','cus_qw_0046','cus_qw_0118','OWEN','completed'),
  ('ref_qw_014','biz_queenwest','cus_qw_0008','cus_qw_0110','MAYA','completed')
on conflict (id) do nothing;

insert into bookings (id, business_id, customer_id, customer_name, service_id, time_label, status, starts_at, duration_min) values
  ('bk_qw_001','biz_queenwest','cus_qw_0115','Jada Okafor','svc_qw_cutbeard','9:00 AM','scheduled','2026-06-22 09:00:00+00',45),
  ('bk_qw_002','biz_queenwest','cus_qw_0010','Caleb Bouchard','svc_qw_fade','11:30 AM','scheduled','2026-06-22 11:30:00+00',45),
  ('bk_qw_003','biz_queenwest','cus_qw_0054','Olivia Walsh','svc_qw_buzz','2:00 PM','scheduled','2026-06-22 14:00:00+00',20),
  ('bk_qw_004','biz_queenwest','cus_qw_0047','Nathan Rossi','svc_qw_grey','10:00 AM','scheduled','2026-06-23 10:00:00+00',45),
  ('bk_qw_005','biz_queenwest','cus_qw_0044','Felix Pelletier','svc_qw_shave','1:00 PM','scheduled','2026-06-23 13:00:00+00',30),
  ('bk_qw_006','biz_queenwest','cus_qw_0060','Raj Adams','svc_qw_beard','4:30 PM','scheduled','2026-06-23 16:30:00+00',20),
  ('bk_qw_007','biz_queenwest','cus_qw_0061','Aisha Park','svc_qw_lineup','9:30 AM','scheduled','2026-06-24 09:30:00+00',15),
  ('bk_qw_008','biz_queenwest','cus_qw_0118','Anton Kaur','svc_qw_buzz','12:00 PM','scheduled','2026-06-24 12:00:00+00',20),
  ('bk_qw_009','biz_queenwest','cus_qw_0017','Dmitri Okafor','svc_qw_buzz','3:00 PM','scheduled','2026-06-25 15:00:00+00',20),
  ('bk_qw_010','biz_queenwest','cus_qw_0086','Olivia Reid','svc_qw_beard','10:30 AM','scheduled','2026-06-26 10:30:00+00',20),
  ('bk_qw_011','biz_queenwest','cus_qw_0001','Priya Tremblay','svc_qw_classic','5:00 PM','scheduled','2026-06-26 17:00:00+00',30),
  ('bk_qw_012','biz_queenwest','cus_qw_0099','Anton Mensah','svc_qw_grey','11:00 AM','scheduled','2026-06-27 11:00:00+00',45),
  ('bk_qw_013','biz_queenwest','cus_qw_0072','Hassan Singh','svc_qw_cutbeard','6:00 PM','scheduled','2026-06-22 18:00:00+00',45),
  ('bk_qw_014','biz_queenwest','cus_qw_0041','Jada Ferrari','svc_qw_grey','6:30 PM','scheduled','2026-06-23 18:30:00+00',45),
  ('bk_qw_015','biz_queenwest','cus_qw_0005','Liam Rossi','svc_qw_wash','9:00 AM','scheduled','2026-06-25 09:00:00+00',40),
  ('bk_qw_016','biz_queenwest','cus_qw_0004','Mateo Kim','svc_qw_kids','1:30 PM','scheduled','2026-06-26 13:30:00+00',30),
  ('bk_qw_017','biz_queenwest','cus_qw_0078','Daniel Kelly','svc_qw_shave','2:30 PM','scheduled','2026-06-27 14:30:00+00',30),
  ('bk_qw_018','biz_queenwest','cus_qw_0052','Wei Roy','svc_qw_grey','6:00 PM','scheduled','2026-06-24 18:00:00+00',45),
  ('bk_qw_019','biz_queenwest','cus_qw_0017','Dmitri Okafor','svc_qw_cutbeard','Completed','done','2026-06-20 10:00:00+00',45),
  ('bk_qw_020','biz_queenwest','cus_qw_0089','Priya Sharma','svc_qw_shave','Completed','done','2026-06-19 13:00:00+00',30),
  ('bk_qw_021','biz_queenwest','cus_qw_0083','Theo Pham','svc_qw_grey','Completed','done','2026-06-16 16:00:00+00',45),
  ('bk_qw_022','biz_queenwest','cus_qw_0056','Liam Pelletier','svc_qw_fade','Completed','done','2026-06-20 11:00:00+00',45),
  ('bk_qw_023','biz_queenwest','cus_qw_0024','Jada Romano','svc_qw_wash','Completed','done','2026-06-20 11:00:00+00',40),
  ('bk_qw_024','biz_queenwest','cus_qw_0094','Pavel Scott','svc_qw_kids','Completed','done','2026-06-20 10:00:00+00',30),
  ('bk_qw_025','biz_queenwest','cus_qw_0087','Devon Tremblay','svc_qw_grey','Completed','done','2026-06-21 11:00:00+00',45),
  ('bk_qw_026','biz_queenwest','cus_qw_0118','Anton Kaur','svc_qw_beard','Completed','done','2026-06-19 09:00:00+00',20),
  ('bk_qw_027','biz_queenwest','cus_qw_0073','Raj Morin','svc_qw_cutbeard','Completed','done','2026-06-15 11:00:00+00',45),
  ('bk_qw_028','biz_queenwest','cus_qw_0009','Aisha Singh','svc_qw_buzz','Completed','done','2026-06-21 18:00:00+00',20),
  ('bk_qw_029','biz_queenwest','cus_qw_0012','Omar Ferrari','svc_qw_fade','Completed','done','2026-06-17 16:00:00+00',45),
  ('bk_qw_030','biz_queenwest','cus_qw_0122','Kwame Tran','svc_qw_cutbeard','Completed','done','2026-06-17 17:00:00+00',45),
  ('bk_qw_031','biz_queenwest','cus_qw_0099','Anton Mensah','svc_qw_classic','Completed','done','2026-06-21 13:00:00+00',30),
  ('bk_qw_032','biz_queenwest','cus_qw_0062','Logan Li','svc_qw_wash','Completed','done','2026-06-17 18:00:00+00',40),
  ('bk_qw_033','biz_queenwest','cus_qw_0005','Liam Rossi','svc_qw_buzz','Completed','done','2026-06-20 11:00:00+00',20),
  ('bk_qw_034','biz_queenwest','cus_qw_0104','Hassan Lavigne','svc_qw_buzz','Completed','done','2026-06-16 09:00:00+00',20)
on conflict (id) do nothing;

